GFlops(7),disk speed(8),GPU number(9),batch size(13),Real Iterations Number(15),CPU threads(19),overall execution time(31)
7365,216,1,1024,382,4,873.326117515564
7365,216,2,1024,382,4,985.926215171814
7365,216,4,1024,382,4,1237.36653590202
7365,216,1,1024,382,4,1135.59086298943
7365,216,2,1024,382,4,1129.91990947723
7365,216,4,1024,382,4,1272.55078673363
7365,216,1,1024,382,2,1584.9054620266
7365,216,2,1024,382,2,1770.71958613396
7365,216,4,1024,382,2,2155.82896947861
7365,216,2,1024,382,4,1073.40381193161
7365,216,1,1024,382,4,1023.41858935356
7365,216,4,1024,382,4,1239.01641535759
7365,216,2,1024,382,8,672.816414117813
7365,216,4,1024,382,8,797.040676355362
7365,216,1,1024,382,6,1164.44762945175
7365,216,2,1024,382,12,667.509287595749
7365,216,4,1024,382,16,673.146464824677
7365,216,2,1024,382,16,754.899935007095
7365,216,1,1024,382,8,1511.40173864365
7365,216,4,1024,382,24,757.292915821075
7365,216,4,1024,382,32,882.748165607452
7365,216,1,256,1519,2,1480.54933643341
7365,216,2,256,1519,2,1500.4648578167
7365,216,4,256,1519,2,1734.17318630219
7365,216,1,256,1519,4,794.055371761322
7365,216,2,256,1519,4,780.555679082871
7365,216,2,256,1519,8,429.091201782227
7365,216,1,256,1519,8,609.641492605209
7365,216,4,256,1519,4,916.538017272949
7365,216,2,256,1519,16,330.061389684677
7365,216,1,256,1519,16,609.767290115356
7365,216,4,256,1519,8,507.884647130966
7365,216,4,256,1519,16,319.349510669708
7365,216,1,1024,382,2,1524.38423585892
7365,216,2,1024,382,2,1547.45916843414
7365,216,4,1024,382,2,1705.38476395607
7365,216,1,1024,382,2,1507.49109840393
7365,216,2,1024,382,2,1553.37325835228
7365,216,4,1024,382,2,1689.69591355324
7365,216,1,1024,382,4,856.895311355591
7365,216,2,1024,382,4,846.826318264008
7365,216,1,1024,382,4,822.090223550797
7365,216,4,1024,382,4,923.614739179611
7365,216,2,1024,382,4,872.461953639984
7365,216,4,1024,382,4,920.693170547485
7365,216,1,1024,382,6,630.513636350632
7365,216,2,1024,382,8,504.744428157806
7365,216,1,1024,382,6,634.881761312485
7365,216,2,1024,382,8,539.135185241699
7365,216,4,1024,382,8,539.853221178055
1195,445,2,256,1519,2,2490.11712145805
7365,216,2,1024,382,12,397.047569990158
7365,216,4,1024,382,8,593.862371206284
7365,216,1,1024,382,8,636.986907720566
7365,216,2,1024,382,12,393.891468286514
7365,216,1,1024,382,8,635.848159074783
7365,216,4,1024,382,16,371.441254377365
7365,216,2,1024,382,16,399.324356079102
7365,216,4,1024,382,16,364.699898958206
7365,216,2,1024,382,16,403.125091552734
7365,216,4,1024,382,24,338.705639839172
1195,445,2,256,1519,2,2514.89770245552
7365,216,4,1024,382,24,333.478042125702
7365,216,1,1024,382,2,1506.09681510925
7365,216,4,1024,382,32,350.612978696823
7365,216,4,1024,382,32,398.840188026428
7365,216,2,1024,382,2,1548.49073505402
7365,216,1,1024,382,2,1522.95143461227
7365,216,2,1024,382,2,1557.30725121498
7365,216,4,1024,382,2,1719.39903378487
1195,445,2,256,1519,4,1369.2373020649
7365,216,1,1024,382,4,829.431344747543
7365,216,4,1024,382,2,1707.39527821541
1195,445,2,256,1519,4,1373.97991132736
7365,216,2,1024,382,4,855.563668489456
7365,216,1,1024,382,4,824.649227142334
7365,216,2,1024,382,4,874.756151199341
7365,216,1,1024,382,6,632.008458852768
7365,216,2,1024,382,8,496.456614732742
7365,216,1,1024,382,6,638.632145404816
7365,216,4,1024,382,4,964.433173179626
7365,216,2,1024,382,8,502.536740064621
7365,216,4,1024,382,4,928.016685724258
7365,216,1,1024,382,8,634.57313656807
7365,216,2,1024,382,12,400.171994686127
7365,216,2,1024,382,12,394.907660245895
7365,216,1,1024,382,8,636.39036154747
7365,216,2,1024,382,16,405.785635948181
7365,216,4,1024,382,8,545.86629986763
7365,216,2,1024,382,16,397.859315395355
7365,216,4,1024,382,8,544.704471588135
7365,216,4,1024,382,16,368.606988191605
7365,216,4,1024,382,16,397.906335353851
1195,445,2,256,1519,2,2633.92977666855
7365,216,4,1024,382,24,331.481839418411
7365,216,4,1024,382,24,330.055539131164
7365,216,4,1024,382,32,364.40581202507
7365,216,4,1024,382,32,360.836179256439
1195,445,2,256,1519,2,2640.6229197979
1195,445,2,256,1519,4,1407.97424340248
1195,445,2,256,1519,4,1403.36496782303
1195,445,2,128,3034,2,2491.05971717834
1195,445,2,128,3034,2,2508.78043365478
1195,445,2,128,3034,4,1363.66448545456
1195,445,2,128,3034,4,1367.12188315392
1195,445,2,128,3034,8,902.178849458694
1195,445,2,128,3034,8,907.365671873093
1195,445,2,128,3034,16,899.878269195557
1195,445,2,128,3034,16,904.769278764725
1195,445,2,128,3034,2,2638.02653026581
1195,445,2,128,3034,2,2651.59825277328
1195,445,2,128,3034,4,1398.04626274109
1195,445,2,128,3034,4,1401.182533741
7365,216,1,1024,382,2,1491.16407608986
7365,216,2,1024,382,2,1507.11579394341
7365,216,4,1024,382,2,1630.58731436729
7365,216,1,1024,382,2,1504.97086024284
7365,216,2,1024,382,2,1523.69161295891
1195,445,2,128,3034,8,905.453644275665
7365,216,4,1024,382,2,1639.82246184349
1195,445,2,128,3034,8,906.615347146988
7365,216,1,1024,382,4,826.991859436035
7365,216,2,1024,382,4,835.639013528824
7365,216,4,1024,382,4,889.397870779037
7365,216,1,1024,382,4,875.414855718613
7365,216,2,1024,382,4,874.600508213043
1195,445,2,128,3034,16,910.979447126388
7365,216,4,1024,382,4,897.511580705643
1195,445,2,128,3034,16,910.300034761429
7365,216,2,1024,382,8,528.89164018631
7365,216,1,1024,382,6,626.202828168869
7365,216,2,1024,382,8,482.443968057633
7365,216,1,1024,382,6,623.039172649383
7365,216,4,1024,382,8,527.904848814011
7365,216,4,1024,382,8,598.088241577148
7365,216,2,1024,382,12,377.722693443298
7365,216,2,1024,382,12,378.383249998093
7365,216,1,1024,382,8,633.228137969971
7365,216,4,1024,382,16,365.539900064468
7365,216,2,1024,382,16,422.433685302734
7365,216,1,1024,382,8,630.136790275574
7365,216,4,1024,382,16,351.461821556091
7365,216,2,1024,382,16,378.614862203598
7365,216,4,1024,382,24,324.55254983902
7365,216,4,1024,382,24,325.934849262238
7365,216,4,1024,382,32,330.726320981979
7365,216,1,512,760,2,1442.41630959511
7365,216,4,1024,382,32,349.549074172974
7365,216,2,512,760,2,1449.77407264709
7365,216,1,512,760,2,1444.39694714546
7365,216,2,512,760,2,1453.25455188751
7365,216,4,512,760,2,1594.94790267944
7365,216,4,512,760,2,1570.90814900398
7365,216,1,512,760,4,771.426514148712
7365,216,2,512,760,4,778.236169576645
7365,216,1,512,760,4,766.819390296936
7365,216,2,512,760,4,771.112486839294
7365,216,1,512,760,6,571.433457136154
7365,216,2,512,760,8,453.445296764374
7365,216,4,512,760,4,834.930968284607
7365,216,2,512,760,8,436.183143138886
7365,216,1,512,760,6,572.4415371418
7365,216,4,512,760,4,831.967647314072
7365,216,2,512,760,12,329.356123685837
7365,216,2,512,760,12,329.037618875504
7365,216,1,512,760,8,578.555812835693
7365,216,2,512,760,16,357.835132598877
7365,216,1,512,760,8,578.053297996521
7365,216,4,512,760,8,476.184634923935
7365,216,2,512,760,16,337.549182891846
7365,216,4,512,760,8,473.421559095383
7365,216,4,512,760,16,309.487550497055
7365,216,4,512,760,16,309.201098442078
7365,216,1,256,1519,2,1429.31327986717
7365,216,2,256,1519,2,1442.82193613052
7365,216,4,512,760,24,284.91276216507
7365,216,4,512,760,24,285.279507637024
7365,216,4,512,760,32,299.048548936844
7365,216,4,512,760,32,299.011860609055
7365,216,1,256,1519,2,1431.2559633255
7365,216,2,256,1519,2,1444.82475352287
7365,216,4,256,1519,2,1569.46831893921
7365,216,1,256,1519,4,744.34043431282
7365,216,2,256,1519,4,749.245796680451
7365,216,1,256,1519,4,744.927899360657
7365,216,2,256,1519,4,753.067158699036
7365,216,4,256,1519,2,1549.58136868477
7365,216,1,256,1519,6,557.509425401688
7365,216,2,256,1519,8,412.186099052429
7365,216,2,256,1519,8,419.291923046112
7365,216,1,256,1519,6,560.57262635231
7365,216,2,256,1519,12,315.714424371719
7365,216,2,256,1519,12,313.846111536026
7365,216,4,256,1519,4,808.23853802681
7365,216,1,256,1519,8,559.762486219406
7365,216,2,256,1519,16,318.004760980606
7365,216,1,256,1519,8,559.759001016617
7365,216,4,256,1519,4,808.536193847656
7365,216,2,256,1519,16,317.656087636948
7365,216,4,256,1519,8,456.004771947861
7365,216,4,256,1519,8,453.668472290039
7365,216,2,128,3034,2,1446.70252513886
7365,216,1,128,3034,2,1435.08289647102
7365,216,4,256,1519,16,294.24047088623
7365,216,4,256,1519,16,293.663559913635
7365,216,2,128,3034,2,1442.50527071953
7365,216,4,256,1519,24,288.280342102051
7365,216,1,128,3034,2,1430.15292620659
7365,216,4,256,1519,24,289.430579423904
7365,216,4,128,3034,32,351.71086025238
7365,216,4,128,3034,32,352.75318980217
7365,216,2,128,3034,4,754.308303117752
7365,216,1,128,3034,4,741.435910463333
7365,216,1,128,3034,4,740.891615390778
7365,216,2,128,3034,4,754.75590634346
7365,216,4,128,3034,2,1594.47078561783
7365,216,2,128,3034,8,410.876519203186
7365,216,1,128,3034,6,559.718185663223
7365,216,2,128,3034,8,405.285151958466
7365,216,1,128,3034,6,560.82094502449
7365,216,4,128,3034,2,1590.56901359558
7365,216,2,128,3034,12,363.275083303452
7365,216,2,128,3034,12,359.976542949676
7365,216,1,128,3034,8,564.639927148819
7365,216,2,128,3034,16,371.608823537827
7365,216,1,128,3034,8,565.578093767166
7365,216,2,128,3034,16,370.644582986832
7365,216,4,128,3034,4,812.779856920242
7365,216,4,128,3034,4,816.888619422913
7365,216,4,128,3034,8,443.292312860489
7365,216,4,128,3034,8,447.227816820145
7365,216,4,128,3034,16,351.834065198898
7365,216,4,128,3034,16,343.986135721207
7365,216,4,128,3034,24,351.226128101349
7365,216,4,128,3034,24,344.740528345108
7365,216,4,128,3034,32,359.488840103149
7365,216,4,128,3034,32,361.865475416183
1195,445,2,128,3034,2,2495.04787683487
1195,445,2,128,3034,2,2513.43244171143
1195,445,2,128,3034,4,1357.99702596664
1195,445,2,128,3034,4,1364.06928825378
1195,445,2,128,3034,8,901.930776357651
1195,445,2,128,3034,8,901.854803562164
1195,445,2,128,3034,16,907.648431301117
1195,445,2,128,3034,16,901.548838853836
1195,445,2,64,6067,2,2639.4996945858
1195,445,2,64,6067,2,2666.80959701538
1195,445,2,64,6067,4,1398.04394650459
1195,445,2,64,6067,4,1404.25329661369
1195,445,2,64,6067,8,1170.65927767754
1195,445,2,64,6067,8,1170.22350430489
1195,445,2,64,6067,16,1169.99590826035
1195,445,2,64,6067,16,1172.82986426353
1195,445,2,32,12133,2,2748.65694522858
1195,445,2,32,12133,2,2756.9721801281
1195,445,2,32,12133,4,1673.65475416183
1195,445,2,32,12133,4,1676.97493863106
1195,445,2,32,12133,8,1650.78423333168
1195,445,2,32,12133,8,1652.31479859352
1195,445,2,32,12133,16,1646.23333740234
1195,445,2,32,12133,16,1648.67485308647
1195,445,2,16,24265,2,3003.26154065132
1195,445,2,16,24265,2,3007.55137610435
1195,445,2,16,24265,4,2902.96687173843
1195,445,2,16,24265,4,2901.73658752441
1195,445,2,16,24265,8,2881.19943857193
1195,445,2,16,24265,8,2885.37804460526
1195,445,2,16,24265,16,2887.96258449554
1195,445,2,16,24265,16,2888.99945282936
1195,445,2,128,3034,2,2503.1530342102
1195,445,2,128,3034,2,2507.05572652817
1195,445,2,128,3034,4,1340.51749110222
1195,445,2,128,3034,4,1335.70335125923
1195,445,2,128,3034,8,899.659525632858
1195,445,2,128,3034,8,909.06232047081
1195,445,2,128,3034,16,895.696969509125
1195,445,2,128,3034,16,894.571231126785
1195,445,2,64,6067,2,2507.3616373539
1195,445,2,64,6067,2,2505.33991408348
1195,445,2,64,6067,4,1338.8395857811
1195,445,2,64,6067,4,1339.62808084488
1195,445,2,64,6067,8,1165.59482741356
1195,445,2,64,6067,8,1165.36413526535
1195,445,2,64,6067,16,1161.20661973953
1195,445,2,64,6067,16,1160.72491550446
1195,445,2,32,12133,2,2517.1352481842
1195,445,2,32,12133,2,2518.29381728172
1195,445,2,32,12133,4,1661.40507507324
1195,445,2,32,12133,4,1661.49629735947
1195,445,2,32,12133,8,1636.32769370079
1195,445,2,32,12133,8,1636.69759011269
1195,445,2,32,12133,16,1630.84279203415
1195,445,2,32,12133,16,1630.50032758713
1195,445,2,16,24265,2,2946.57385110855
1195,445,2,16,24265,2,2948.28809976578
1195,445,2,16,24265,4,2881.78096079826
1195,445,2,16,24265,4,2882.62038326263
1195,445,2,16,24265,8,2861.0850777626
1195,445,2,16,24265,8,2859.81433010101
1195,445,2,16,24265,16,2852.67599463463
1195,445,2,16,24265,16,2851.40840601921
7365,216,1,1024,382,2,1593.80765533447
7365,216,1,1024,382,2,1705.87782716751
7365,216,1,1024,382,4,1019.52828836441
7365,216,1,1024,382,4,908.799962043762
7365,216,1,1024,382,6,644.417581796646
7365,216,1,1024,382,6,647.900347232819
7365,216,1,1024,382,8,559.087915182114
7365,216,1,1024,382,8,575.712187290192
7365,216,1,1024,382,12,551.052667856216
7365,216,1,1024,382,12,561.012676477432
7365,216,1,1024,382,16,554.388900756836
7365,216,1,1024,382,16,585.38090634346
7365,216,1,1024,382,20,591.501253128052
7365,216,1,1024,382,20,613.480369567871
7365,216,1,1024,382,24,659.84987783432
7365,216,1,1024,382,24,578.182997941971
7365,216,1,1024,382,32,647.120193719864
7365,216,1,1024,382,32,521.840687036514
7365,216,1,256,1519,2,1461.83948302269
7365,216,1,256,1519,2,1459.06494688988
7365,216,1,256,1519,4,772.054441452026
7365,216,1,256,1519,4,771.647456407547
7365,216,1,256,1519,6,546.49192905426
7365,216,1,256,1519,6,543.141478061676
7365,216,1,256,1519,8,438.227990150452
7365,216,1,256,1519,8,441.883096694946
7365,216,1,256,1519,12,433.005919933319
7365,216,1,256,1519,12,440.388493061066
7365,216,1,256,1519,16,446.082253694534
7365,216,1,256,1519,16,440.687705993652
7365,216,1,256,1519,20,446.181072950363
7365,216,1,256,1519,20,441.716398715973
7365,216,1,256,1519,24,438.145548343659
7365,216,1,256,1519,24,441.354951620102
7365,216,1,256,1519,32,448.834533214569
7365,216,1,256,1519,32,447.868406772614
7365,216,1,128,3034,2,1454.21016025543
7365,216,1,128,3034,2,1453.2478852272
7365,216,1,128,3034,4,762.434080600739
7365,216,1,128,3034,4,766.152292490006
7365,216,1,128,3034,6,535.133987903595
7365,216,1,128,3034,6,532.542544841766
7365,216,1,128,3034,8,504.12483549118
7365,216,1,128,3034,8,502.478450059891
7365,216,1,128,3034,12,499.897824287415
7365,216,1,128,3034,12,508.531504631042
7365,216,1,128,3034,16,498.546652555466
7365,216,1,128,3034,16,517.759269714356
7365,216,1,128,3034,20,501.459508180618
7365,216,1,128,3034,20,502.051645517349
7365,216,1,128,3034,24,505.309058666229
7365,216,1,128,3034,24,503.611383199692
7365,216,1,128,3034,32,510.784740924835
7365,216,1,128,3034,32,510.131305217743
7365,216,1,512,760,2,1497.83309912682
7365,216,1,512,760,2,1495.21561980248
7365,216,1,512,760,4,821.364691257477
7365,216,1,512,760,4,810.63732790947
7365,216,1,512,760,6,580.09580874443
7365,216,1,512,760,6,587.501180887222
7365,216,1,512,760,8,458.164567232132
7365,216,1,512,760,8,453.081835031509
7365,216,1,512,760,12,439.466248989105
7365,216,1,512,760,12,470.164612531662
7365,216,1,512,760,16,446.293924808502
7365,216,1,512,760,16,540.106244802475
7365,216,1,512,760,20,441.945673704147
7365,216,1,512,760,20,544.646052837372
7365,216,1,512,760,24,450.270998954773
7365,216,1,512,760,24,453.745265722275
7365,216,1,512,760,32,461.92343044281
7365,216,1,512,760,32,470.532364606857
7365,216,2,1024,128,2,531.03430724144
7365,216,2,1024,128,4,300.244912862778
7365,216,2,1024,128,8,188.451721429825
7365,216,2,1024,128,12,154.39542388916
7365,216,2,1024,128,16,161.591239690781
7365,216,2,512,254,2,506.707036972046
7365,216,2,512,254,4,280.151453733444
7365,216,2,512,254,8,165.613270521164
7365,216,2,512,254,12,135.189581632614
7365,216,2,512,254,16,132.083025455475
7365,216,2,256,507,2,505.546077489853
7365,216,2,256,507,4,271.500799417496
7365,216,2,256,507,8,156.173059940338
7365,216,2,256,507,12,125.170027017593
7365,216,2,256,507,16,125.459528923035
7365,216,2,128,1012,2,506.597726583481
7365,216,2,128,1012,4,269.732533931732
7365,216,2,128,1012,8,154.045941591263
7365,216,2,128,1012,12,133.545090675354
7365,216,2,128,1012,16,134.737346887589
1195,445,2,128,3034,2,2427.75206160545
1195,445,2,128,3034,2,2419.86342406273
1195,445,2,128,3034,4,1315.07282137871
1195,445,2,128,3034,4,1317.70714592934
1195,445,2,128,3034,8,900.187538385391
1195,445,2,128,3034,8,898.432923316956
1195,445,2,128,3034,16,895.118156433106
1195,445,2,128,3034,16,896.231791496277
1195,445,2,64,6067,2,2414.7951772213
1195,445,2,64,6067,2,2419.40134549141
1195,445,2,64,6067,4,1325.12608122826
1195,445,2,64,6067,4,1323.78551363945
1195,445,2,64,6067,8,1165.85423612595
1195,445,2,64,6067,8,1163.38690423965
1195,445,2,64,6067,16,1161.2537252903
1195,445,2,64,6067,16,1162.58520770073
1195,445,2,32,12133,2,2434.79034495354
1195,445,2,32,12133,2,2428.18650865555
1195,445,2,32,12133,4,1660.32078504562
1195,445,2,32,12133,4,1660.57248282433
1195,445,2,32,12133,8,1636.73063540459
1195,445,2,32,12133,8,1635.58633875847
1195,445,2,32,12133,16,1630.07931828499
1195,445,2,32,12133,16,1629.72477912903
1195,445,2,16,24265,2,2943.44597172737
1195,445,2,16,24265,2,2942.46309399605
1195,445,2,16,24265,4,2884.01533317566
1195,445,2,16,24265,4,2884.14203119278
1195,445,2,16,24265,8,2856.53223752975
1195,445,2,16,24265,8,2856.52305436134
1195,445,2,16,24265,16,2856.11040496826
1195,445,2,16,24265,16,2855.38760185242
1195,445,1,128,3034,2,2519.36645817757
1195,445,1,128,3034,2,2529.63683032989
1195,445,1,128,3034,4,1725.68308210373
1195,445,1,128,3034,4,1726.25621008873
1195,445,1,128,3034,8,1704.20714187622
1195,445,1,128,3034,8,1704.62492585182
1195,445,1,128,3034,16,1703.19866514206
1195,445,1,128,3034,16,1706.46569466591
1195,445,1,64,6067,2,2513.10255169869
1195,445,1,64,6067,2,2522.54416036606
1195,445,1,64,6067,4,1638.06940603256
1195,445,1,64,6067,4,1639.78799724579
1195,445,1,64,6067,8,1613.64982485771
1195,445,1,64,6067,8,1611.65492963791
1195,445,1,64,6067,16,1607.55854821205
1195,445,1,64,6067,16,1609.65186715126
1195,445,1,32,12133,2,2533.16046333313
1195,445,1,32,12133,2,2530.3355653286
1195,445,1,32,12133,4,2105.42384171486
1195,445,1,32,12133,4,2104.82043814659
1195,445,1,32,12133,8,2077.88551044464
1195,445,1,32,12133,8,2078.25132346153
1195,445,1,32,12133,16,2075.31268334389
1195,445,1,32,12133,16,2075.36584210396
1195,445,1,16,24265,2,3184.02411413193
1195,445,1,16,24265,2,3185.8234038353
1195,445,1,16,24265,4,3133.47911453247
1195,445,1,16,24265,4,3129.88920474052
1195,445,1,16,24265,8,3107.58738732338
1195,445,1,16,24265,8,3108.33001041412
1195,445,1,16,24265,16,3097.84518170357
1195,445,1,16,24265,16,3097.47110724449
1195,445,1,128,1012,2,855.981487035751
1195,445,1,128,1012,2,856.99457359314
1195,445,1,128,1012,4,518.770277738571
1195,445,1,128,1012,4,519.442648172378
1195,445,1,128,1012,8,511.771808862686
1195,445,1,128,1012,8,511.204049825668
1195,445,1,128,1012,16,511.299154520035
1195,445,1,128,1012,16,511.652323007584
1195,445,1,64,2023,2,844.966499805451
1195,445,1,64,2023,2,849.814685344696
1195,445,1,64,2023,4,550.678551197052
1195,445,1,64,2023,4,551.245548009872
1195,445,1,64,2023,8,542.857356309891
1195,445,1,64,2023,8,542.564546823502
1195,445,1,64,2023,16,542.408480405808
1195,445,1,64,2023,16,541.50580573082
1195,445,1,32,4045,2,848.710932731628
1195,445,1,32,4045,2,850.192076206207
1195,445,1,32,4045,4,707.055256128311
1195,445,1,32,4045,4,704.46093249321
1195,445,1,32,4045,8,696.804014444351
1195,445,1,32,4045,8,697.220947980881
1195,445,1,32,4045,16,695.136634349823
1195,445,1,32,4045,16,695.258937120438
1195,445,1,16,8089,2,1063.73345136642
1195,445,1,16,8089,2,1063.65386962891
1195,445,1,16,8089,4,1046.43916487694
1195,445,1,16,8089,4,1045.87579345703
1195,445,1,16,8089,8,1036.15685009956
1195,445,1,16,8089,8,1038.56668996811
1195,445,1,16,8089,16,1035.78275370598
1195,445,1,16,8089,16,1036.58996248245
7365,216,4,1024,128,2,594.023974895477
7365,216,4,1024,128,2,590.776992559433
7365,216,4,1024,128,2,595.47752404213
7365,216,4,1024,128,2,595.225343704224
7365,216,4,1024,128,4,346.248403072357
7365,216,4,1024,128,4,347.219839811325
7365,216,4,1024,128,4,356.161761760712
7365,216,4,1024,128,4,349.349817752838
7365,216,4,1024,128,8,225.545783042908
7365,216,4,1024,128,8,252.648540258408
7365,216,4,1024,128,8,220.997313022614
7365,216,4,1024,128,8,225.57889175415
7365,216,4,1024,128,16,173.915249824524
7365,216,4,1024,128,16,173.58803153038
7365,216,4,1024,128,16,178.061746358871
7365,216,4,1024,128,16,171.590283155441
1195,445,2,128,1012,2,850.665582418442
1195,445,2,128,1012,4,452.358819961548
1195,445,2,128,1012,8,306.823606967926
1195,445,2,128,1012,16,306.811356782913
1195,445,2,64,2023,2,847.326346158981
1195,445,2,64,2023,4,452.80237698555
1195,445,2,64,2023,8,394.93856215477
1195,445,2,64,2023,16,393.902981996536
1195,445,2,32,4045,2,850.763602495194
1195,445,2,32,4045,4,559.276861429214
1195,445,2,32,4045,8,550.638267278671
1195,445,2,32,4045,16,548.709884405136
1195,445,2,16,8089,2,986.923782348633
1195,445,2,16,8089,4,966.200646400452
1195,445,2,16,8089,8,957.341426610947
1195,445,2,16,8089,16,955.144114255905
7365,384,3,1024,128,2,981.338273525238
7365,384,3,1024,128,2,969.700140237808
7365,384,3,1024,128,4,544.120041847229
7365,384,3,1024,128,4,541.756281375885
7365,384,3,1024,128,8,324.154612064362
7365,384,3,1024,128,8,339.815540552139
7365,384,3,1024,128,12,262.430238485336
7365,384,3,1024,128,12,267.783001422882
7365,384,3,1024,128,16,237.084871292114
7365,384,3,1024,128,16,243.704402208328
7365,384,3,512,254,2,943.548784255981
7365,384,3,512,254,2,946.883266448975
7365,384,3,512,254,4,517.456589698792
7365,384,3,512,254,4,510.255649805069
7365,384,3,512,254,8,301.968292474747
7365,384,3,512,254,8,311.215459108353
7365,384,3,512,254,12,233.213252544403
7365,384,3,512,254,12,230.454056739807
7365,384,3,512,254,16,201.389456510544
7365,384,3,512,254,16,196.92146897316
7365,384,3,256,507,2,927.523354530334
7365,384,3,256,507,2,927.507645368576
7365,384,3,256,507,4,487.128327131271
7365,384,3,256,507,4,490.800415277481
7365,384,3,256,507,8,278.649695396423
7365,384,3,256,507,8,282.410688400268
7365,384,3,256,507,12,213.665674686432
7365,384,3,256,507,12,214.26528096199
7365,384,3,256,507,16,181.359527826309
7365,384,3,256,507,16,184.287423849106
7365,384,3,128,1012,2,924.605558395386
7365,384,3,128,1012,2,924.85929608345
7365,384,3,128,1012,4,489.931506633759
7365,384,3,128,1012,4,488.730406999588
7365,384,3,128,1012,8,277.968002557755
7365,384,3,128,1012,8,279.191950321198
7365,384,3,128,1012,12,211.059435606003
7365,384,3,128,1012,12,209.911128759384
7365,384,3,128,1012,16,176.763539552689
7365,384,3,128,1012,16,176.935410261154
7365,384,3,1024,382,2,2742.41496920586
7365,384,3,1024,382,2,2759.76209139824
7365,384,3,1024,382,4,1447.77834534645
7365,384,3,1024,382,4,1446.7330186367
7365,384,3,1024,382,8,819.407929897308
7365,384,3,1024,382,8,806.528238773346
7365,384,3,1024,382,12,624.942452192307
7365,384,3,1024,382,12,619.609400510788
7365,384,3,1024,382,16,563.999309062958
7365,384,3,1024,382,16,530.340473890305
7365,384,3,512,760,2,2703.35237145424
7365,384,3,512,760,2,2700.43470311165
7365,384,3,512,760,4,1418.43074154854
7365,384,3,512,760,4,1406.63326191902
7365,384,3,512,760,8,762.55301117897
7365,384,3,512,760,8,769.519725561142
7365,384,3,512,760,12,550.994840145111
7365,384,3,512,760,12,548.021514892578
7365,384,3,512,760,16,459.914580821991
7365,384,3,512,760,16,462.342109203339
7365,384,3,256,1519,2,2660.70082640648
7365,384,3,256,1519,2,2658.29184126854
7365,384,3,256,1519,4,1363.383477211
7365,384,3,256,1519,4,1357.13270735741
7365,384,3,256,1519,8,725.467850446701
7365,384,3,256,1519,8,737.342744827271
7365,384,3,256,1519,12,524.551315784454
7365,384,3,256,1519,12,532.925736427307
7365,384,3,256,1519,16,424.001913070679
7365,384,3,256,1519,16,420.971779823303
7365,384,3,128,3034,2,2656.1684191227
7365,384,3,128,3034,2,2654.18312931061
7365,384,3,128,3034,4,1357.94570732117
7365,384,3,128,3034,4,1362.75496459007
7365,384,3,128,3034,8,722.136453866959
7365,384,3,128,3034,8,727.372023820877
7365,384,3,128,3034,12,520.673293113709
7365,384,3,128,3034,12,512.65148973465
7365,384,3,128,3034,16,421.496508598328
7365,384,3,128,3034,16,411.702128171921
7365,384,1,256,507,4,434.301092624664
7365,384,1,256,507,4,435.049863815308
7365,384,3,1024,128,16,241.279024124145
7365,384,3,1024,128,16,229.806173324585
7365,384,4,1024,128,16,223.471822023392
7365,384,4,1024,128,16,234.168510437012
7365,384,4,1024,128,16,227.94118642807
7365,384,4,1024,128,16,223.170526742935
7365,384,2,1024,128,2,957.547648191452
7365,384,3,1024,128,2,967.910794258118
7365,384,4,1024,128,2,974.444415569305
7365,384,4,1024,128,2,972.750052928925
7365,216,2,1024,128,2,571.555376768112
7365,216,3,1024,128,2,584.195630550385
7365,216,4,1024,128,2,582.917268753052
7365,216,4,1024,128,2,583.295059204102
7365,216,3,1024,382,2,1660.79162931442
7365,216,3,1024,382,2,1662.68463897705
7365,216,3,1024,382,4,936.026507854462
7365,216,3,1024,382,4,967.01705789566
7365,216,3,1024,382,8,544.127830028534
7365,216,3,1024,382,8,554.054892539978
7365,216,3,1024,382,12,483.977269887924
7365,216,3,1024,382,12,436.813408374786
7365,216,3,1024,382,16,368.242861509323
7365,216,3,1024,382,16,375.671510219574
7365,216,3,512,760,2,1559.61843180656
7365,216,3,512,760,2,1560.93448090553
7365,216,3,512,760,4,834.0881524086
7365,216,3,512,760,4,836.298309326172
7365,216,3,512,760,8,486.082616090775
7365,216,3,512,760,8,492.768934488297
7365,216,3,512,760,12,378.196120738983
7365,216,3,512,760,12,375.994910478592
7365,216,3,512,760,16,316.996847629547
7365,216,3,512,760,16,316.904197216034
7365,216,3,256,1519,2,1524.51432275772
7365,216,3,256,1519,2,1522.75815153122
7365,216,3,256,1519,4,805.667823553085
7365,216,3,256,1519,4,805.313914775848
7365,216,3,256,1519,8,465.060690879822
7365,216,3,256,1519,8,457.292115449905
7365,216,3,256,1519,12,348.076225757599
7365,216,3,256,1519,12,349.444960832596
7365,216,3,256,1519,16,310.507826089859
7365,216,3,256,1519,16,320.496630430222
7365,216,3,128,3034,2,1550.13197040558
7365,216,3,128,3034,2,1549.12120318413
7365,216,3,128,3034,4,823.570428133011
7365,216,3,128,3034,4,832.083885908127
7365,216,3,128,3034,8,462.605798006058
7365,216,3,128,3034,8,468.965339422226
7365,216,3,128,3034,12,389.311256408691
7365,216,3,128,3034,12,388.317547798157
7365,216,3,128,3034,16,390.100030183792
7365,216,3,128,3034,16,386.826084852219
7365,216,3,1024,128,2,635.247768878937
7365,216,3,1024,128,2,605.194443702698
7365,216,3,1024,128,4,357.422672271728
7365,216,3,1024,128,4,371.811849355698
7365,216,3,1024,128,8,271.461004734039
7365,216,3,1024,128,8,241.22455239296
7365,216,3,1024,128,12,204.830960512161
7365,216,3,1024,128,12,207.691036701202
7365,216,3,1024,128,16,204.96789431572
7365,216,3,1024,128,16,175.229909896851
7365,216,3,512,254,2,563.096867799759
7365,216,3,512,254,2,559.709384202957
7365,216,3,512,254,4,317.326707601547
7365,216,3,512,254,4,317.195133447647
7365,216,3,512,254,8,234.260653495789
7365,216,3,512,254,8,218.04167675972
7365,216,3,512,254,12,167.945440769196
7365,216,3,512,254,12,178.042631149292
7365,216,3,512,254,16,156.9592192173
7365,216,3,512,254,16,164.170074462891
7365,216,3,256,507,2,550.701522111893
7365,216,3,256,507,2,543.051795959473
7365,216,3,256,507,4,306.625000715256
7365,216,3,256,507,4,304.972182035446
7365,216,3,256,507,8,203.76978802681
7365,216,3,256,507,8,200.817638874054
7365,216,3,256,507,12,157.442090034485
7365,216,3,256,507,12,153.784652233124
7365,216,3,256,507,16,144.670284986496
7365,216,3,256,507,16,145.6930372715
7365,216,3,128,1012,2,553.916947364807
7365,216,3,128,1012,2,556.341331243515
7365,216,3,128,1012,4,312.894119501114
7365,216,3,128,1012,4,314.143537998199
7365,216,3,128,1012,8,193.867686271667
7365,216,3,128,1012,8,194.481745481491
7365,216,3,128,1012,12,171.203247070313
7365,216,3,128,1012,12,172.917489528656
7365,216,3,128,1012,16,169.477964162827
7365,216,3,128,1012,16,170.160735845566
5591,384,1,1024,128,2,910.017174243927
5591,384,1,1024,128,2,906.386110305786
5591,384,2,1024,128,2,925.150365352631
5591,384,1,1024,128,4,512.989192485809
5591,384,2,1024,128,2,918.624781370163
5591,384,1,1024,128,4,511.128152608872
5591,384,1,1024,128,8,403.436082839966
5591,384,2,1024,128,4,517.012071371078
5591,384,1,1024,128,8,399.811684608459
5591,384,2,1024,128,4,516.231563806534
5591,384,1,1024,128,12,398.694785833359
5591,384,2,1024,128,8,313.362027406693
5591,384,1,1024,128,12,402.713405132294
5591,384,2,1024,128,8,314.093516588211
5591,384,1,1024,128,16,398.35666847229
5591,384,2,1024,128,12,273.154044389725
5591,384,2,1024,128,12,274.102329015732
5591,384,1,1024,128,16,398.45793223381
5591,384,2,1024,128,16,273.922547340393
5591,384,2,1024,128,16,272.359965801239
5591,384,1,512,254,2,902.956581354141
5591,384,2,512,254,2,918.288173913956
5591,384,1,512,254,2,902.53445649147
5591,384,2,512,254,2,927.16530919075
5591,384,1,512,254,4,495.690692663193
5591,384,1,512,254,4,497.5894780159
5591,384,2,512,254,4,519.510304689407
5591,384,2,512,254,4,516.661143064499
5591,384,1,512,254,8,393.335358142853
5591,384,1,512,254,8,389.02741932869
5591,384,2,512,254,8,313.46484875679
5591,384,2,512,254,8,314.840430021286
5591,384,1,512,254,12,391.430983543396
5591,384,1,512,254,12,390.034781455994
5591,384,2,512,254,12,261.092511177063
5591,384,2,512,254,12,258.75161075592
5591,384,1,512,254,16,388.396740913391
5591,384,2,512,254,16,258.138066053391
5591,384,2,512,254,16,257.139276504517
5591,384,1,512,254,16,388.16925239563
5591,384,2,256,507,2,915.021181106567
5591,384,1,256,507,2,893.668648481369
5591,384,2,256,507,2,907.951388120651
5591,384,1,256,507,2,893.836755037308
5591,384,2,256,507,4,496.873756170273
5591,384,1,256,507,4,485.186933517456
5591,384,2,256,507,4,497.303372383118
5591,384,1,256,507,4,485.311101675034
5591,384,2,256,507,8,299.255803346634
5591,384,1,256,507,8,384.781473875046
5591,384,2,256,507,8,301.949961423874
5591,384,1,256,507,8,385.44055223465
5591,384,2,256,507,12,246.400192260742
5591,384,2,256,507,12,247.240493297577
5591,384,1,256,507,12,382.179638624191
5591,384,2,256,507,16,245.262927055359
5591,384,1,256,507,12,383.231367826462
5591,384,2,256,507,16,245.365631103516
5591,384,1,256,507,16,381.3615629673
5591,384,1,256,507,16,384.40419626236
5591,384,2,128,1012,2,881.075335502625
5591,384,2,128,1012,2,881.422924995422
5591,384,1,128,1012,2,894.981559753418
5591,384,1,128,1012,2,894.873808383942
5591,384,2,128,1012,4,469.47655415535
5591,384,2,128,1012,4,468.729401350021
5591,384,2,128,1012,8,283.284870386124
5591,384,1,128,1012,4,486.361314058304
5591,384,2,128,1012,8,277.128381252289
5591,384,1,128,1012,4,484.858198404312
5591,384,2,128,1012,12,228.127344608307
5591,384,2,128,1012,12,229.946908950806
5591,384,1,128,1012,8,385.587738513947
5591,384,2,128,1012,16,243.455622196198
5591,384,2,128,1012,16,225.966233253479
5591,384,1,128,1012,8,386.977375507355
5591,384,1,128,1012,12,385.759066820145
5591,384,1,128,1012,12,386.266668796539
5591,384,1,128,1012,16,386.519340991974
5591,384,1,128,1012,16,387.317401170731
5591,384,4,1024,128,2,1066.31496500969
5591,384,4,1024,128,2,1065.22406077385
5591,420,4,1024,128,2,1060.50630235672
5591,420,4,1024,128,2,1063.31566381454
5591,420,4,1024,128,4,633.052616357803
5591,420,4,1024,128,4,634.149826526642
5591,420,4,1024,128,8,421.97043633461
5591,420,4,1024,128,8,416.350680112839
5591,420,4,1024,128,16,313.051881551742
5591,420,4,1024,128,16,318.750340938568
5591,420,4,1024,128,24,292.901165485382
5591,420,4,1024,128,24,294.475562095642
5591,420,4,1024,128,32,297.342343091965
5591,420,4,1024,128,32,294.453964233398
5591,420,4,512,254,2,1052.21157193184
5591,420,4,512,254,2,1048.83171510696
5591,420,4,512,254,4,620.210862159729
5591,420,4,512,254,4,621.603278875351
5591,420,4,512,254,8,407.148398160934
5591,420,4,512,254,8,408.755983829498
5591,420,4,512,254,16,300.999300003052
5591,420,4,512,254,16,303.257059574127
5591,420,4,512,254,24,275.652110815048
5591,420,4,512,254,24,270.602059602737
5591,420,4,512,254,32,275.557914733887
5591,420,4,512,254,32,274.913386583328
5591,420,4,256,507,2,1037.54470872879
5591,420,4,256,507,2,1054.99416995049
5591,420,4,256,507,4,614.04789853096
5591,420,4,256,507,4,615.581694841385
5591,420,4,256,507,8,409.643040895462
5591,420,4,256,507,8,407.26144194603
5591,420,4,256,507,16,292.522098302841
5591,420,4,256,507,16,291.634890079498
5591,420,4,256,507,24,258.490991592407
5591,420,4,256,507,24,259.641745328903
5591,420,4,128,1012,32,261.336651325226
5591,420,4,128,1012,32,260.258088827133
5591,420,4,128,1012,2,1050.33825230598
5591,420,4,128,1012,2,1052.3947353363
5591,420,4,128,1012,4,609.506671667099
5591,420,4,128,1012,4,616.559875965118
5591,420,4,128,1012,8,391.342472314835
5591,420,4,128,1012,8,389.485753297806
5591,420,4,128,1012,16,281.177710771561
5591,420,4,128,1012,16,278.730663537979
5591,420,4,128,1012,24,255.763020038605
5591,420,4,128,1012,24,255.200211524963
5591,420,4,128,1012,32,258.395364999771
5591,420,4,128,1012,32,259.876634836197
5591,420,3,1024,128,2,1071.61288022995
5591,420,3,1024,128,2,1067.52593755722
5591,420,3,1024,128,4,651.454319953919
5591,420,3,1024,128,4,644.668743610382
5591,420,3,1024,128,8,443.560436010361
5591,420,3,1024,128,8,431.873150825501
5591,420,3,1024,128,12,366.375448703766
5591,420,3,1024,128,12,368.009363651276
5591,420,3,1024,128,16,338.217767953873
5591,420,3,1024,128,16,335.430493831634
5591,420,3,512,254,2,1089.98588466644
5591,420,3,512,254,2,1072.16650462151
5591,420,3,512,254,4,650.123814344406
5591,420,3,512,254,4,648.119158506393
5591,420,3,512,254,8,433.735294818878
5591,420,3,512,254,8,436.168861865997
5591,420,3,512,254,12,358.197117567062
5591,420,3,512,254,12,359.125869035721
5591,420,3,512,254,16,319.868408679962
5591,420,3,512,254,16,323.577674388885
5591,420,3,256,507,2,1080.0511007309
5591,420,3,256,507,2,1064.93032431602
5591,420,3,256,507,4,639.973690271378
5591,420,3,256,507,4,652.432726621628
5591,420,3,256,507,8,430.891407728195
5591,420,3,256,507,8,431.509652853012
5591,420,3,256,507,12,354.986650705337
5591,420,3,256,507,12,354.13930773735
5591,420,3,256,507,16,317.776400566101
5591,420,3,256,507,16,308.931619882584
5591,420,3,128,1012,2,1064.62737607956
5591,420,3,128,1012,2,1062.66145062447
5591,420,3,128,1012,4,639.652392864227
5591,420,3,128,1012,4,639.41440653801
5591,420,3,128,1012,8,424.215097904205
5591,420,3,128,1012,8,424.347586870193
5591,420,3,128,1012,12,348.881567955017
5591,420,3,128,1012,12,348.429046154022
5591,420,3,128,1012,16,310.293688058853
5591,420,3,128,1012,16,312.624547481537
11339,270,8,128,1012,16,174.036122083664
11339,270,8,128,1012,16,174.542302846909
11339,270,8,128,1012,16,173.222394704819
11339,270,8,128,1012,16,172.426159143448
11339,270,8,128,1012,16,173.465233802795
11339,270,8,1024,128,2,806.888175964355
11339,270,8,1024,128,2,805.524034023285
11339,270,8,1024,128,2,804.99408864975
11339,270,8,1024,128,2,807.476763486862
11339,270,8,1024,128,4,446.939585924149
11339,270,8,1024,128,4,445.486524820328
11339,270,8,1024,128,4,447.760015010834
11339,270,8,1024,128,4,445.863661289215
11339,270,8,1024,128,8,270.934182882309
11339,270,8,1024,128,8,271.709404706955
11339,270,8,1024,128,8,271.678223133087
11339,270,8,1024,128,8,269.639640331268
11339,270,8,1024,128,16,188.212477207184
11339,270,8,1024,128,16,188.191237926483
11339,270,8,1024,128,16,186.3284034729
11339,270,8,1024,128,16,187.054720640183
11339,270,8,1024,128,32,168.697031021118
11339,270,8,1024,128,32,168.72136926651
11339,270,8,1024,128,32,165.898641347885
11339,270,8,1024,128,32,167.362145900726
11339,270,8,512,254,2,811.833085298538
11339,270,8,512,254,2,815.220165491104
11339,270,8,512,254,2,814.267906904221
11339,270,8,512,254,2,809.023570537567
11339,270,8,512,254,4,447.916547298431
11339,270,8,512,254,4,446.288055419922
11339,270,8,512,254,4,444.734510660172
11339,270,8,512,254,4,447.967626094818
11339,270,8,512,254,8,270.24733543396
11339,270,8,512,254,8,271.925142765045
11339,270,8,512,254,8,271.800556898117
11339,270,8,512,254,8,270.284402608871
11339,270,8,512,254,16,179.710485458374
11339,270,8,512,254,16,178.354560375214
11339,270,8,512,254,16,178.163146734238
11339,270,8,512,254,16,177.787278175354
11339,270,8,512,254,32,153.58442902565
11339,270,8,512,254,32,151.626488208771
11339,270,8,512,254,32,152.788313627243
11339,270,8,512,254,32,152.234284162521
11339,270,8,256,507,2,822.578316688538
11339,270,8,256,507,2,867.213368177414
11339,270,8,256,507,2,821.345022916794
11339,270,8,256,507,2,817.244952201843
11339,270,8,256,507,4,452.54957151413
11339,270,8,256,507,4,455.075248479843
11339,270,8,256,507,4,450.551724910736
11339,270,8,256,507,4,452.151168107987
11339,270,8,256,507,8,269.840953350067
11339,270,8,256,507,8,272.031758785248
11339,270,8,256,507,8,274.243974208832
11339,270,8,256,507,8,272.493831157684
11339,270,8,256,507,16,176.638119220734
11339,270,8,256,507,16,175.722981929779
11339,270,8,256,507,16,174.617624759674
11339,270,8,256,507,16,176.300842523575
11339,270,8,256,507,32,144.572640657425
11339,270,8,256,507,32,144.386073589325
11339,270,8,256,507,32,145.273762226105
11339,270,8,256,507,32,145.288664340973
11339,270,8,128,1012,2,840.383962154388
11339,270,8,128,1012,2,839.862174510956
11339,270,8,128,1012,2,856.974208831787
11339,270,8,128,1012,2,841.394004821777
11339,270,8,128,1012,4,468.176411628723
11339,270,8,128,1012,4,466.975599050522
11339,270,8,128,1012,4,466.279559612274
11339,270,8,128,1012,4,466.39834690094
11339,270,8,128,1012,8,277.477104187012
11339,270,8,128,1012,8,275.871415138245
11339,270,8,128,1012,8,275.246337890625
11339,270,8,128,1012,8,275.320913314819
11339,270,8,128,1012,16,173.773957490921
11339,270,8,128,1012,16,173.65710568428
11339,270,8,128,1012,16,174.036354780197
11339,270,8,128,1012,16,173.589847803116
11339,270,8,128,1012,32,143.034887552261
11339,270,8,128,1012,32,141.483364343643
11339,270,8,128,1012,32,141.817445278168
11339,270,8,128,1012,32,141.818825006485
11339,270,4,1024,128,2,791.443084001541
11339,270,4,1024,128,2,792.037789583206
11339,270,4,1024,128,2,794.863306760788
11339,270,4,1024,128,2,790.566580533981
11339,270,4,1024,128,4,431.274978876114
11339,270,4,1024,128,4,426.987244606018
11339,270,4,1024,128,4,428.412912368774
11339,270,4,1024,128,4,428.960752725601
11339,270,4,1024,128,8,255.59580373764
11339,270,4,1024,128,8,256.769388914108
11339,270,4,1024,128,8,255.386095285416
11339,270,4,1024,128,8,254.083640098572
11339,270,4,1024,128,16,170.506119728088
11339,270,4,1024,128,16,171.451623439789
11339,270,4,1024,128,16,173.406027555466
11339,270,4,1024,128,16,170.376226663589
11339,270,4,1024,128,32,143.552730560303
11339,270,4,1024,128,32,142.964605808258
11339,270,4,1024,128,32,138.832758665085
11339,270,4,1024,128,32,137.311649799347
11339,270,4,512,254,2,797.72495508194
11339,270,4,512,254,2,791.900074958801
11339,270,4,512,254,2,790.935545682907
11339,270,4,512,254,2,790.767206907272
11339,270,4,512,254,4,426.966384887695
11339,270,4,512,254,4,426.670999526978
11339,270,4,512,254,4,430.114563465118
11339,270,4,512,254,4,428.158790588379
11339,270,4,512,254,8,254.002490520477
11339,270,4,512,254,8,255.36449432373
11339,270,4,512,254,8,254.784682273865
11339,270,4,512,254,8,255.962734460831
11339,270,4,512,254,16,164.595278739929
11339,270,4,512,254,16,165.706109285355
11339,270,4,512,254,16,163.370995044708
11339,270,4,512,254,16,165.394415616989
11339,270,4,512,254,32,135.350548267365
11339,270,4,512,254,32,139.0540766716
11339,270,4,512,254,32,136.964604616165
11339,270,4,512,254,32,137.59267616272
11339,270,4,256,507,2,797.830079317093
11339,270,4,256,507,2,805.976681947708
11339,270,4,256,507,2,799.141434431076
11339,270,4,256,507,2,807.604387998581
11339,270,4,256,507,4,431.678250789642
11339,270,4,256,507,4,428.994886398315
11339,270,4,256,507,4,431.439207792282
11339,270,4,256,507,4,431.094304561615
11339,270,4,256,507,8,259.117079019546
11339,270,4,256,507,8,254.801928520203
11339,270,4,256,507,8,255.095369815826
11339,270,4,256,507,8,254.095217704773
11339,270,4,256,507,16,163.528838396072
11339,270,4,256,507,16,163.271569252014
11339,270,4,256,507,16,163.314512729645
11339,270,4,256,507,16,162.238697528839
11339,270,4,256,507,32,130.922732591629
11339,270,4,256,507,32,131.199785709381
11339,270,4,256,507,32,131.600581645966
11339,270,4,256,507,32,131.160751819611
11339,270,4,128,1012,2,811.54793047905
11339,270,4,128,1012,2,806.262746334076
11339,270,4,128,1012,2,811.158927440643
11339,270,4,128,1012,2,805.719119310379
11339,270,4,128,1012,4,434.850160121918
11339,270,4,128,1012,4,441.283620119095
11339,270,4,128,1012,4,440.900735855103
11339,270,4,128,1012,4,448.679298400879
11339,270,4,128,1012,8,254.260118484497
11339,270,4,128,1012,8,255.428473949432
11339,270,4,128,1012,8,255.612257003784
11339,270,4,128,1012,8,255.456392049789
11339,270,4,128,1012,16,159.888033390045
11339,270,4,128,1012,16,160.206048727036
11339,270,4,128,1012,16,160.491537570953
11339,270,4,128,1012,16,159.515388250351
11339,270,4,128,1012,32,128.988263130188
11339,270,4,128,1012,32,128.473554849625
11339,270,4,128,1012,32,128.69091796875
11339,270,4,128,1012,32,128.017915725708
11339,270,2,1024,128,2,791.471416473389
11339,270,2,1024,128,2,789.193247079849
11339,270,2,1024,128,2,787.720389842987
11339,270,2,1024,128,2,787.26747584343
11339,270,2,1024,128,4,423.323642015457
11339,270,2,1024,128,4,424.398666143417
11339,270,2,1024,128,4,421.55788230896
11339,270,2,1024,128,4,421.194968938828
11339,270,2,1024,128,8,250.828454971313
11339,270,2,1024,128,8,249.405455112457
11339,270,2,1024,128,8,250.781563043594
11339,270,2,1024,128,8,250.593430995941
11339,270,2,1024,128,16,166.789132356644
11339,270,2,1024,128,16,166.921179771423
11339,270,2,1024,128,16,168.707624197006
11339,270,2,1024,128,16,168.49849319458
11339,270,2,1024,128,32,131.433219671249
11339,270,2,1024,128,32,140.528235197067
11339,270,2,1024,128,32,131.771200418472
11339,270,2,1024,128,32,132.909537315369
11339,270,2,512,254,2,787.174737215042
11339,270,2,512,254,2,782.969963073731
11339,270,2,512,254,2,784.114087581635
11339,270,2,512,254,2,793.657572031021
11339,270,2,512,254,4,421.47034907341
11339,270,2,512,254,4,422.052761077881
11339,270,2,512,254,4,419.472024440765
11339,270,2,512,254,4,421.372795343399
11339,270,2,512,254,8,249.38526892662
11339,270,2,512,254,8,247.428149461746
11339,270,2,512,254,8,249.6661632061
11339,270,2,512,254,8,248.600006103516
11339,270,2,512,254,16,158.032877206802
11339,270,2,512,254,16,159.092029094696
11339,270,2,512,254,16,158.150931119919
11339,270,2,512,254,16,158.22283244133
11339,270,2,512,254,32,131.085011720657
11339,270,2,512,254,32,125.298660993576
11339,270,2,512,254,32,131.030839204788
11339,270,2,512,254,32,126.222028255463
11339,270,2,256,507,2,789.752397537231
11339,270,2,256,507,2,802.324365139008
11339,270,2,256,507,2,790.866000890732
11339,270,2,256,507,2,787.962911844254
11339,270,2,256,507,4,430.323828935623
11339,270,2,256,507,4,424.044875621796
11339,270,2,256,507,4,421.732082366943
11339,270,2,256,507,4,424.752612829208
11339,270,2,256,507,8,247.760670423508
11339,270,2,256,507,8,248.609684705734
11339,270,2,256,507,8,248.030030250549
11339,270,2,256,507,8,247.43518447876
11339,270,2,256,507,16,154.846946001053
11339,270,2,256,507,16,156.118985891342
11339,270,2,256,507,16,155.261728048325
11339,270,2,256,507,16,156.142958879471
11339,270,2,256,507,32,124.126733064652
11339,270,2,256,507,32,122.191143035889
11339,270,2,256,507,32,122.759169340134
11339,270,2,256,507,32,123.507606983185
11339,270,2,128,1012,2,796.765954732895
11339,270,2,128,1012,2,801.004433631897
11339,270,2,128,1012,2,808.499336004257
11339,270,2,128,1012,2,799.606856107712
11339,270,2,128,1012,4,426.521108150482
11339,270,2,128,1012,4,427.711566925049
11339,270,2,128,1012,4,423.608344554901
11339,270,2,128,1012,4,426.82129073143
11339,270,2,128,1012,8,247.924463033676
11339,270,2,128,1012,8,247.357137918472
11339,270,2,128,1012,8,246.264503479004
11339,270,2,128,1012,8,247.796590566635
11339,270,2,128,1012,16,154.206756591797
11339,270,2,128,1012,16,154.516025304794
11339,270,2,128,1012,16,153.605765104294
11339,270,2,128,1012,16,153.765730857849
11339,270,2,128,1012,32,121.954808473587
11339,270,2,128,1012,32,122.137909173965
11339,270,2,128,1012,32,121.994682312012
11339,270,2,128,1012,32,121.759303331375
11339,270,1,1024,128,2,786.712074279785
11339,270,1,1024,128,2,788.640757322311
11339,270,1,1024,128,2,787.146971225739
11339,270,1,1024,128,2,795.51420712471
11339,270,1,1024,128,4,419.777615785599
11339,270,1,1024,128,4,424.780571699143
11339,270,1,1024,128,4,421.984369277954
11339,270,1,1024,128,4,421.235280513763
11339,270,1,1024,128,8,247.328773498535
11339,270,1,1024,128,8,246.521357536316
11339,270,1,1024,128,8,245.896025896072
11339,270,1,1024,128,8,247.488500833511
11339,270,1,1024,128,16,159.973747730255
11339,270,1,1024,128,16,157.96394944191
11339,270,1,1024,128,16,159.828431606293
11339,270,1,1024,128,16,160.804575681686
11339,270,1,1024,128,32,132.822862863541
11339,270,1,1024,128,32,132.473825216293
11339,270,1,1024,128,32,131.622874736786
11339,270,1,1024,128,32,132.838450193405
11339,270,1,512,254,2,780.897535562515
11339,270,1,512,254,2,783.343759298325
11339,270,1,512,254,2,780.166267871857
11339,270,1,512,254,2,782.122201442719
11339,270,1,512,254,4,417.182408094406
11339,270,1,512,254,4,414.625145673752
11339,270,1,512,254,4,414.438975811005
11339,270,1,512,254,4,412.799320459366
11339,270,1,512,254,8,240.651392936707
11339,270,1,512,254,8,241.524219989777
11339,270,1,512,254,8,240.202781915665
11339,270,1,512,254,8,239.246560096741
11339,270,1,512,254,16,147.621179580688
11339,270,1,512,254,16,147.997062921524
11339,270,1,512,254,16,147.706590652466
11339,270,1,512,254,16,147.66159081459
11339,270,1,512,254,32,121.119329690933
11339,270,1,512,254,32,116.85018992424
11339,270,1,512,254,32,118.935779571533
11339,270,1,512,254,32,118.785353899002
11339,270,1,256,507,2,786.749358892441
11339,270,1,256,507,2,781.997434854508
11339,270,1,256,507,2,784.097197055817
11339,270,1,256,507,2,782.595260381699
11339,270,1,256,507,4,414.013130426407
11339,270,1,256,507,4,411.228220462799
11339,270,1,256,507,4,411.849799633026
11339,270,1,256,507,4,413.401225090027
11339,270,1,256,507,8,238.115780830383
11339,270,1,256,507,8,235.246752500534
11339,270,1,256,507,8,237.141267538071
11339,270,1,256,507,8,236.425441741943
11339,270,1,256,507,16,145.298011064529
11339,270,1,256,507,16,145.034088611603
11339,270,1,256,507,16,144.649100065231
11339,270,1,256,507,16,145.096277952194
11339,270,1,256,507,32,114.081279277802
11339,270,1,256,507,32,113.648074150085
11339,270,1,256,507,32,113.021219968796
11339,270,1,256,507,32,114.779114246368
11339,270,1,128,1012,2,787.132234573364
11339,270,1,128,1012,2,787.070442199707
11339,270,1,128,1012,2,787.574828863144
11339,270,1,128,1012,2,792.180352926254
11339,270,1,128,1012,4,416.410284996033
11339,270,1,128,1012,4,416.121624469757
11339,270,1,128,1012,4,416.359198093414
11339,270,1,128,1012,4,421.221211194992
11339,270,1,128,1012,8,236.503073453903
11339,270,1,128,1012,8,236.697132587433
11339,270,1,128,1012,8,236.310306310654
11339,270,1,128,1012,8,236.735996246338
11339,270,1,128,1012,16,143.891317129135
11339,270,1,128,1012,16,143.301662921906
11339,270,1,128,1012,16,142.630996704102
11339,270,1,128,1012,16,142.96986913681
11339,270,1,128,1012,32,109.962234735489
11339,270,1,128,1012,32,111.665927648544
11339,270,1,128,1012,32,111.333884239197
11339,270,1,128,1012,32,110.983444929123
1195,445,1,128,1012,16,1401.9663169384
1195,445,1,128,1012,16,514.563658952713
1195,445,1,128,1012,16,514.666784286499
1195,445,1,128,1012,16,514.817965745926
1195,445,1,128,1012,16,514.628689289093
1195,445,1,128,1012,16,514.534910440445
1195,445,1,128,1012,16,514.601372480393
1195,445,1,128,1012,16,514.497580289841
1195,445,1,64,10111,8,2713.84368276596
1195,445,1,64,10111,8,2709.54045891762
1195,445,1,64,10111,8,2705.71072745323
1195,445,1,64,10111,8,2705.1281247139
1195,445,1,64,10111,8,2704.31648468971
1195,445,1,64,10111,8,2704.13146257401
1195,445,1,64,10111,8,2763.42124152184
1195,445,1,64,10111,8,2763.12001132965
1195,445,1,64,10111,8,2741.90150213242
1195,445,1,64,10111,8,2742.90606951714
1195,445,1,64,10111,8,2732.03653907776
1195,445,1,64,10111,8,2732.25591206551
1195,445,1,64,10111,8,2725.43685221672
1195,445,1,64,10111,8,2723.98571538925
1195,445,1,64,10111,8,2716.08889961243
1195,445,1,64,10111,8,2716.58113789558
1195,445,1,64,10111,8,2707.9145667553
1195,445,1,64,10111,8,2708.90001344681
1195,445,1,64,10111,8,2682.79876422882
1195,445,1,64,10111,8,2682.36390972137
1195,445,1,64,10111,8,2682.0582742691
1195,445,1,64,10111,8,2682.48865604401
1195,445,1,64,10111,8,2681.81476736069
1195,445,1,64,10111,8,2682.99109721184
1195,445,1,64,10111,8,2681.76431941986
1195,445,1,64,10111,8,2683.62506580353
1195,445,1,64,10111,8,2682.00122261047
1195,445,1,1,646976,8,56881.3999912739
1195,445,1,1,646976,8,56872.396777153
5591,384,2,1024,576,8,1075.27232480049
5591,384,2,1024,576,8,1084.20116972923
5591,384,2,1024,576,8,1075.15311360359
5591,384,2,1024,576,8,1085.01579260826
5591,384,2,1024,576,8,1077.00845170021
5591,384,2,1024,576,8,1079.324644804
5591,384,2,1024,576,8,1041.56832385063
5591,384,2,1024,576,8,1044.58883738518
5591,384,2,1024,576,8,1044.50125217438
