Lambda,warm_service_time,cold_service_time,expiration_time,ave_response_time
0.222486056568079,2.00009526463535,2.38527585140162,600,2.00151865892106
0.233038487465872,1.96695204745981,2.30448269192042,600,1.96814934943309
0.487490803901082,1.33774671968767,1.66541166626772,600,1.33831639990086
0.690821195857563,2.82374003814755,3.4521526223128,600,2.82476147293591
0.287092179271093,2.53584588000896,2.96646528961153,600,2.53715328377978
0.169120091822798,0.791042867826754,0.946343242678915,600,0.791670886082669
0.298185148566463,1.57341413234598,1.85024849878015,600,1.57415075549616
0.241629102937449,0.341442939362615,0.399732808405257,600,0.341566532362254
0.212686168534431,2.22424072120317,2.68650557328729,600,2.22605296244644
0.340886973705921,1.9192317102646,2.31352345686336,600,1.92018054302236
0.18751111268658,3.7733644313161,4.46270763409237,600,3.77652791140114
0.150705507480561,3.93091851496399,4.80708619966105,600,3.93602270607576
0.535231683263246,3.6682835469103,4.51773243957354,600,3.67009610237567
0.237485089970059,3.35830717857727,4.03159159080362,600,3.36089346948467
0.270508931373111,2.20449318212732,2.74391576428309,600,2.20605843575252
0.520805165312201,2.22925542507109,2.65394015367786,600,2.2300510693729
0.360931471171792,2.97043993321566,3.50633256631318,600,2.97185657809792
0.478521540709454,1.82698304921215,2.2289499501285,600,1.82771158851975
0.396651486492885,2.14760400754062,2.54186445205108,600,2.14849124538005
0.553100796682237,3.69086945199111,4.38382471316629,600,3.69232201594863
0.148868261651469,3.37977638536614,4.09570026737735,600,3.38384471401883
0.46690810299171,1.66280168089745,1.99564630207179,600,1.66342582836398
0.646092680554728,2.5372265817388,3.09998452646625,600,2.53815290101311
0.248676964314885,2.81200259905096,3.50288751980652,600,2.81435013603491
0.50461924585185,1.73869785594611,2.09504518807858,600,1.73930666820126
0.41219306242327,2.14231171737652,2.63667142977454,600,2.1433756491617
0.128592987620385,3.8476520160603,4.59463800167027,600,3.85246733378107
0.324504176987115,2.22298786489337,2.68167739381587,600,2.22422197428419
0.373522631117599,1.1693866795568,1.44270875764851,600,1.16994709934169
0.153666676811249,1.02082826249888,1.25303303928569,600,1.0219265901956
0.353922178857354,2.16768034578488,2.61767228586637,600,2.16882258342642
0.670090908102508,1.32919374368294,1.6185098362877,600,1.32956379526799
0.546621880856776,1.1012658362114,1.30379087710253,600,1.10156743047245
0.540174620781162,0.881195368192141,1.07541205093102,600,0.881439403822852
0.231270075298583,1.65667435928957,2.01516867977222,600,1.65785510712328
0.390812834575099,1.81586647174709,2.16690358779522,600,1.8166511296058
0.268517974425897,3.56055977165231,4.25039117488098,600,3.56299943914718
0.568588551876495,1.75516624168756,2.10355894242151,600,1.75572856345417
0.47903278887016,2.11433655930475,2.49907986525724,600,2.11507763063963
0.549225668066106,1.2799350977686,1.52368827788423,600,1.28031799478742
0.275049747560023,2.93344315647072,3.4823409328485,600,2.93527505158479
0.193533332389959,2.77282024395938,3.33337925967943,600,2.77527088766954
0.453074735106671,1.05918727684304,1.29887797472143,600,1.05955761845806
0.269689763934755,0.482528749481351,0.591839655182488,600,0.482823718092319
0.346788830718336,1.06010153356731,1.30856556087701,600,1.06066786915103
0.489221490616705,2.6436976480738,3.15189598843682,600,2.644732620263
0.17560211825201,3.46065588724235,4.03881359550933,600,3.46347026150432
0.198518517628412,3.1808590455877,3.87818171799038,600,3.18378829100508
0.203848026106318,1.63513755641707,1.9290335871198,600,1.63608141283411
0.262008029090905,2.52768005300434,3.09566490192707,600,2.52945559689004
0.363788349212859,0.318438138115214,0.375584643886836,600,0.318550420376396
0.18709337829853,1.7031792676003,2.0103624764394,600,1.70421152685483
0.56265880542809,1.1668060530991,1.4188826564222,600,1.16718894304119
0.154124277973955,3.29438811337926,4.11240835145844,600,3.2989023113279
0.244034904491187,1.20326576471366,1.4252145313328,600,1.20381424594615
0.392160320705051,3.64535783447116,4.38069464935249,600,3.6473142390308
0.655996776639394,1.15402537079173,1.35904143239248,600,1.15428300447038
0.617977942999802,3.42020452040602,4.06485758136963,600,3.42142038277654
0.137252389959417,3.52394710841876,4.17253841210195,600,3.52783561771545
0.45097820141014,0.513040542283439,0.637426628717487,600,0.513190491444353
0.474764078158867,0.351560990062206,0.426348515965394,600,0.351633139495055
0.684445923562055,1.5216977239812,1.84897661806831,600,1.52214571370599
0.394815424634964,2.14738015417604,2.67605344189449,600,2.148576774906
0.308831258795127,3.87896515415886,4.73630460068214,600,3.88177764510651
0.225129915168892,0.954916823919951,1.15848013659323,600,0.955460676730727
0.550717429829163,1.3858764270808,1.6676393013265,600,1.3863126679059
0.26847441363151,2.73010104362376,3.2291134121038,600,2.73172240056063
0.205932195926548,1.36069859268775,1.69704699001379,600,1.36165973779131
0.679083458433043,0.322966917814115,0.390025821746894,600,0.323026403407797
0.544433028925917,3.23617494533406,3.88318083260335,600,3.23748019787548
0.371905748393739,0.324514055650409,0.391733349230022,600,0.324640903705142
0.695909643743374,0.433640706509972,0.509415303626331,600,0.433723682690064
0.201630016731461,2.54713534792692,3.1348038224238,600,2.54959026798939
0.409288153495223,3.46798722243636,4.27784916716819,600,3.47003949624558
0.165973887955761,0.290843966094607,0.353507274809265,600,0.290935775707252
0.225543158240636,1.16004625772912,1.37877507705401,600,1.16059797979111
0.578071112431747,3.75883249643731,4.6154290617212,600,3.76058487061217
0.139954396769718,1.9164094453836,2.29406052014878,600,1.91824403801887
0.271143378645918,2.97361466632318,3.54913201498055,600,2.97556283829296
0.399051070497678,1.24369634104028,1.49341966507483,600,1.24414660931012
0.497448572947863,0.851608715639136,1.00814991575147,600,0.851830824108664
0.652101558448943,3.80262216289984,4.49252305902989,600,3.80391755449173
0.320075213681935,1.70343479984042,2.05411364016715,600,1.70426079578262
0.620804964194776,0.684298644368475,0.803434960415925,600,0.684424481348312
0.273931235346664,1.24132789877907,1.48662706704341,600,1.24196964112652
0.519421433304379,0.985916573591069,1.1669062600904,600,0.986162119932766
0.588066158604801,2.39454797440881,2.92095270495973,600,2.3954528520316
0.2684114349883,0.518183190117396,0.618257215725963,600,0.518452286153395
0.381476340768601,1.98787976524969,2.41998958416024,600,1.98889164849664
0.462343115856517,0.884886894949828,1.05974259767203,600,0.885166194240485
0.106424849596321,0.749544753844643,0.908705191091559,600,0.750043756771446
0.165851320261221,2.21290390114688,2.68738058949112,600,2.21487456901572
0.368700210245212,2.32436786496036,2.84466055295486,600,2.32564211024915
0.472266072133407,3.89623203714679,4.67095349871038,600,3.89808020981649
0.691423959187212,0.60563342815113,0.720092295825366,600,0.605739293996863
0.358527657376234,2.33599175317066,2.8181038463455,600,2.33721109595708
0.641449665900634,1.39372561428029,1.63354381649646,600,1.3940465349425
0.21826454104607,0.828055708319566,1.03206574753969,600,0.828697815709532
0.491752786398081,2.98138182729925,3.69351369682777,600,2.98288480725097
0.327914154733859,1.29025417149588,1.57400317272289,600,1.29094501004474
0.16236423587287,3.20034420080943,3.93636083348515,600,3.20422885581589
0.177928736143728,3.10086836271236,3.67775060433581,600,3.10364426917345
0.308249695944423,0.868633400733802,1.05678987207139,600,0.868985365307911
0.129171689455286,1.98859869567573,2.45797212945799,600,1.99119910577803
0.221504555363059,1.99631478363516,2.48417831712814,600,1.99812197704192
0.238922415877028,2.48236184724788,3.01436946485248,600,2.48414743266044
0.1397213811433,0.359139597948996,0.42805450528978,600,0.359274314766873
0.421205742882625,3.22572524139495,3.79168414165586,600,3.22709878573644
0.549768558793003,2.64994655653868,3.2885376439139,600,2.6511432745785
0.660222538973527,3.20201288648368,3.84597303509546,600,3.20314353580957
0.370932145216665,1.13985846563919,1.37218905254088,600,1.14034545125974
0.232647613848665,1.35294080739962,1.63614902916588,600,1.35371568407691
0.237950763996636,3.82370345653522,4.65626696496864,600,3.82705194078993
0.39150376270845,3.10688252711416,3.71718159747404,600,3.10845321786202
0.569314843719271,0.507771116546533,0.603356918086693,600,0.507897668833574
0.516000297153534,2.22958646027868,2.60926454046516,600,2.2303036415321
0.625847477394683,1.02304451567585,1.22403575968579,600,1.02331702155407
0.150382899938519,1.1898493494226,1.45458981908256,600,1.1911678408526
0.560038963103995,3.52748293881866,4.19755721598811,600,3.52884918771374
0.16359643883321,0.613402386282957,0.716303632866049,600,0.613723437580605
0.150925649144842,0.374323769208078,0.45627586857366,600,0.374466828218451
0.262813563407272,3.79471314924799,4.68058108818227,600,3.79794061585159
0.207542292909158,2.59167085790454,3.06347330576379,600,2.59357030878316
0.36700704876602,3.05640215201791,3.62700625038152,600,3.05792067949583
0.12863353973598,2.36425043434691,2.90385504648826,600,2.36709258866121
0.168211636589713,3.50786344890489,4.15832706968844,600,3.51119999920188
0.52774044308316,0.88636606828591,1.04711400016967,600,0.886572680124155
0.373053082395412,3.24960648550825,4.02040047964615,600,3.25169277712727
0.419620143455764,3.91505763281006,4.71878016184243,600,3.9171664155844
0.591649469081715,2.84068051122945,3.3564994137806,600,2.84162023103373
0.334815917955887,2.7001137488811,3.22206059099206,600,2.70154260224858
0.416487342412208,3.52343613793265,4.15287235151764,600,3.5250195678103
0.543262042884295,3.58259051176402,4.4500066449484,600,3.58440547886591
0.287397625402264,2.80998002761903,3.31751899785802,600,2.81160038079233
0.52903749725751,1.50662583467537,1.85984537987113,600,1.50719558321472
0.154130235474526,1.98730273131514,2.41658815001534,600,1.98907844489099
0.447910857509977,1.37667127789246,1.6410721236492,600,1.37714772956073
0.674039634858825,2.27621604149144,2.72362951884876,600,2.27690886192669
0.33688636977594,3.87053338960313,4.71017228232766,600,3.87312210427289
0.230882078849301,1.22990228064167,1.51261623982767,600,1.23062013653444
0.259867453150216,2.76007718364988,3.35548778409396,600,2.76204587038828
0.538908869728724,1.73757238474216,2.14665370368785,600,1.7382417439378
0.654920342527006,2.61162254371452,3.15488478693329,600,2.61251114708952
0.660283210838114,1.83147443177464,2.14827763472545,600,1.83193206637516
0.223653354303587,2.4566231104779,2.9887915447504,600,2.45857388493314
0.471846536365411,3.24081048932304,3.97162163137161,600,3.24245310041172
0.21714861991208,0.230928977411103,0.277086792431489,600,0.230981114021484
0.165327819804122,3.90000495443301,4.71817150317291,600,3.90428401403919
0.376416752025301,1.04265091480535,1.28761958199514,600,1.04316594748132
0.215582080030452,3.45752669855514,4.08072797637374,600,3.46005921388975
0.500223540154285,2.90463649467688,3.52758186524164,600,2.90592245668638
0.586972500025012,0.873898962682024,1.06626843054312,600,0.874132365165273
0.110110503429589,1.12624011569794,1.3792572596355,600,1.12743651425717
0.167330824592282,2.08077432821984,2.51184478700308,600,2.08248402406638
0.682485911893159,1.95438550896047,2.37351451063648,600,1.95498711803995
0.198882724095394,2.33303544511279,2.74669492776667,600,2.33476237309525
0.637954944035869,1.10456701636047,1.34705562043177,600,1.10488768480807
0.373634497115867,3.04663362596702,3.69266897787327,600,3.04833447162995
0.173187482880784,2.75470534262904,3.27589006183636,600,2.75721449780732
0.675459721486862,1.88979636086534,2.30801844078904,600,1.89039243584002
0.544292450667288,0.81584710345051,1.01598287835499,600,0.81609504348951
0.276522952772213,2.2677416235119,2.78080490732159,600,2.26921815282427
0.528389258771038,0.356608803195319,0.434225199964183,600,0.356675319200248
0.280912265099808,2.51507287483473,3.06713268759785,600,2.51675114738046
0.266967604729263,1.75361406628442,2.10751448549803,600,1.75469187220735
0.447072753662493,3.0070370924998,3.74236978556367,600,3.00870448750827
0.157538674282436,0.573751855272539,0.681453215406608,600,0.574051375157669
0.621176488990924,2.69213091043718,3.30096862060151,600,2.69318140698013
0.561561891451416,2.57460565999465,3.1461217152451,600,2.5756494772357
0.581272791479378,1.85132598431668,2.2806869805692,600,1.85202897121618
0.293845788157025,3.34050558665836,4.00961740235663,600,3.3426480767543
0.530242036000833,1.23127189778855,1.49588339440686,600,1.23169711001256
0.458962557885002,1.41161539286485,1.68345260532025,600,1.4121127457491
0.128204399132694,3.92557310680471,4.61809817769113,600,3.93009410672512
0.384686403865385,2.50311629571731,3.02559201654265,600,2.50434955833583
0.385750844315741,1.00631154843997,1.20283386436823,600,1.00671397472449
0.404102057297562,1.04160688688589,1.27007056847625,600,1.04203679951328
0.158632587486204,3.47273955741056,4.32665800786248,600,3.47740941018254
0.548579170095191,0.229001543632132,0.270116613704069,600,0.229042549667906
0.255889546302062,2.81834603643986,3.3746408155915,600,2.82021926212849
0.554195268265192,1.76002445441609,2.19124351377683,600,1.76072804506797
0.127013038150303,1.61444188310685,1.99061364954333,600,1.61668839738162
0.523124507673402,1.49253735672755,1.80037636029248,600,1.49304205201718
0.120978521267549,2.52009495694755,3.0451370245233,600,2.52310294023086
0.514597836915701,2.11000806338011,2.49143297403483,600,2.11071786253719
0.462059136150484,2.54293408593694,3.05562511946585,600,2.54402943453763
0.58764375313909,2.54201382838344,3.03945188653745,600,2.54289435141294
0.322104538325751,0.910966998169574,1.06705076218973,600,0.911279775136883
0.299893323297479,1.4097102234556,1.73990372720779,600,1.41060008588106
0.587783249504123,1.57639716868506,1.96791513611738,600,1.57698108685142
0.151920185531378,1.07710292167068,1.26185295432084,600,1.07799862443356
0.54158552994626,3.61029009839689,4.3415055841554,600,3.61182791935778
0.520450744778894,2.89696240625261,3.58395344532716,600,2.89834765522298
0.232998230104583,3.51853613381655,4.28959307936225,600,3.5215966749971
0.266707452007445,1.0393464071279,1.2716555234696,600,1.03985256234542
0.112655812504561,2.23252074916599,2.76688396454084,600,2.23609620809434
0.317076716037464,1.91826894891568,2.33538598087521,600,1.91929459071493
0.673326521040316,1.27463309349561,1.55812032937943,600,1.27498612099189
0.252496685062664,2.56626510431951,3.00297774115283,600,2.56766879205928
0.171790062627124,2.55940186870783,3.14022935610191,600,2.56209602567848
0.404892232101243,2.6809597711097,3.32101785950907,600,2.68247607196494
0.652802822091425,1.67186856916467,1.99808478422373,600,1.67234259978297
0.209132031670735,1.95154942514473,2.42346772809964,600,1.95331464857192
0.581913010638347,1.41529945267146,1.68377006391799,600,1.41568624266704
0.463469602070326,3.0363489759423,3.54904132048534,600,3.03748097011455
0.115976600286214,1.35181796384797,1.65762537049069,600,1.35358328394547
0.389612758556264,0.981392301380552,1.17326223037287,600,0.98178159630537
0.10944733209135,0.747902819319557,0.915541926820611,600,0.748421799396379
0.342836417602107,2.14108732422333,2.66256881631868,600,2.14243137218077
0.699373120994703,3.2141358456434,3.82711368125957,600,3.21516352148581
0.64237613901539,3.24643711764174,4.01102058068483,600,3.24781443413947
0.582211477574513,2.39361349925665,2.94086103935068,600,2.39455928457214
0.68245217304805,2.61879542125818,3.13977094646776,600,2.61962108289729
0.560849282818879,3.11996760562092,3.83603435833898,600,3.12136365184885
0.325635773749174,3.35824792329858,3.94562087678082,600,3.35999161587425
0.362160267490561,3.66999367047075,4.54483327073802,600,3.67249490200668
0.404264696425845,1.75560338690168,2.17404349817947,600,1.75650862126857
0.280065281806756,0.201421516991993,0.246703299035745,600,0.20147610793848
0.50717291213699,3.74973861279866,4.66715333059212,600,3.75178551254248
0.365534014923893,3.261921849449,3.83816647890673,600,3.2635053486096
0.22338478718583,2.68072311766459,3.21004136508014,600,2.68264983445844
0.122918201992316,1.19046040867057,1.4359949301127,600,1.19175524168508
0.480946785465465,0.557533006404223,0.661859204086551,600,0.557678970989246
0.543936114103425,2.3745966615753,2.79899254153403,600,2.3753648849035
0.298722715843917,1.82297969489079,2.17335311553817,600,1.82387705559807
0.390573159145349,1.77409810460895,2.08841851168554,600,1.77479258921222
0.107526435405762,1.8368359208751,2.27089102581382,600,1.8398578463421
0.671456589625482,3.57680123018814,4.33999131836639,600,3.57817129423944
0.601008600976332,2.19984385833913,2.72333167655656,600,2.20069964564472
0.232300982466259,2.37372929277532,2.93669060838562,600,2.37569738398608
0.669529814455083,2.28989231811071,2.67238283596489,600,2.29048867499575
0.632744443054397,1.67426338724319,2.02289486089442,600,1.67478364006489
0.464944166650921,3.54206433411119,4.38900329253953,600,3.54405866947343
0.666252651339482,3.45136494306433,4.14489372120597,600,3.45259969558215
0.681686808507771,3.06071746891054,3.67233850255676,600,3.06175073961805
0.614040536388986,0.814718585750747,0.971350593492822,600,0.814897230961446
0.290914264915078,0.758507115292274,0.901235679704705,600,0.75876469322243
0.478195165909479,1.18585678569902,1.44809307555667,600,1.18627256611318
0.118810890890096,2.40334734362419,2.96594796397858,600,2.40671635485082
0.502068763494322,1.93648176120829,2.27454574186767,600,1.93708844309862
0.613148630065678,2.66041014912932,3.29896073399328,600,2.66152214558178
0.384566384703214,0.494272084868296,0.584026813636183,600,0.49438484085238
0.659305136840035,0.288502928620814,0.348619325826971,600,0.288546900682827
0.25243401886834,3.45303367688793,4.07858009378227,600,3.45537155756897
0.248636420967793,1.96409819811646,2.43483971923034,600,1.96564739547041
0.609480514632302,3.76349153180907,4.49501918239647,600,3.76492567969384
0.642307698924932,3.32478738074743,3.98292389966768,600,3.32598146096975
0.545075652782501,1.1550849411407,1.43470992517152,600,1.15551512798246
0.577312190166778,0.529555768766006,0.660705372648175,600,0.529730709719714
0.683057634868372,1.78402909707403,2.20145047046515,600,1.78461037133216
0.60159392880722,1.5649695306306,1.95328522413563,600,1.56554144787358
0.276105563527059,3.05284812915951,3.66263756740704,600,3.0549033525185
0.618939493048853,2.92998426870732,3.48846763187901,600,2.93097226330441
0.211433791394892,1.94198505144602,2.29526459205981,600,1.94329970118007
0.484876448684992,2.13653382817153,2.64696649552318,600,2.13751830378667
0.113737949245515,3.25554563725154,3.81161761223365,600,3.25898705523597
0.408238105289541,2.31300942217706,2.73774662069998,600,2.31394341564354
0.647362190415264,3.86154402573829,4.6896794236863,600,3.86311695102269
0.64017762853168,2.92444962571303,3.65184764869701,600,2.92570720059489
0.282385742956798,2.10274905227569,2.56969076185582,600,2.10403791575731
0.34518007994673,3.66084003301296,4.48806675345933,600,3.66330371392416
0.364061784736672,2.89136350186275,3.56916521013551,600,2.89312329463285
0.556773747660094,2.66194502203035,3.23628298871563,600,2.66301614860973
0.196885769386386,1.01263842949512,1.19450729907638,600,1.01326492783369
0.207660949710387,1.84839103806863,2.2678220652729,600,1.84989628700238
0.28998458926432,1.88674044762803,2.29704297882103,600,1.88783014468714
0.522213972605491,2.26663474916852,2.64591507399459,600,2.26734525165106
0.197463559395933,2.58579276093482,3.0179653608374,600,2.58764021288664
0.33178903092549,1.87578799184804,2.24461338052854,600,1.87666678227527
0.578581056014935,1.99218395004455,2.39086465931343,600,1.99284916622607
0.650341521846202,3.87782990999178,4.7803551093867,600,3.87954243642732
0.198694947205969,2.61805164427106,3.09737020326991,600,2.62008676863002
0.379069288121015,2.77175731707502,3.45163864493401,600,2.77344919664226
0.139109893296023,3.77696817998931,4.69450876911878,600,3.78263586273575
0.682977703997768,0.732053445410976,0.89216937550931,600,0.73222013708807
0.54420436667328,2.74145060705738,3.33357454903238,600,2.7425848505243
0.230966653505111,0.962701773466235,1.13492136386523,600,0.96313557479113
0.496187928439802,0.601710211052013,0.732905926824411,600,0.601908395554705
0.254999055128142,2.35116555139444,2.90998772696243,600,2.35290337466138
0.321304837523202,1.63215786075771,1.9856383507111,600,1.63298781322835
0.315533119349155,2.19539239324232,2.66820214968994,600,2.19666468343466
0.199243983816424,2.57866343531237,3.15893169544063,600,2.58112006875404
0.153773266184165,2.92178035414598,3.46886807179185,600,2.92461110802167
0.119444822434602,0.413954474799788,0.499452983563041,600,0.414185022116306
0.577872628330129,1.21288531155477,1.43274931861616,600,1.21321162411491
0.128671431793437,1.45546105283143,1.75781598885665,600,1.45722602268684
0.254449884703029,3.48273952643196,4.3331011074388,600,3.48590302457691
0.597263771542509,0.881473945022701,1.07397435326558,600,0.881709683598981
0.1303311006508,3.67929997045062,4.35204859837583,600,3.68350194221983
0.530232764713541,1.0243300326304,1.26593472045172,600,1.02466712099284
0.46481750508087,1.459056973098,1.75725008897412,600,1.45960968508996
0.550916735734808,0.766976066985715,0.912412243006084,600,0.76715600841871
0.328322448200224,3.68398409024132,4.36921602268815,600,3.68610232059078
0.680669236207383,1.1302472816091,1.34466524624233,600,1.13050456224064
0.488656808602929,3.59099130170195,4.43249132204579,600,3.59290194830754
0.34098588536498,1.66413741160732,2.07589843291971,600,1.66504663373131
0.191270394768081,1.0607717699225,1.27936392768857,600,1.06154918620809
0.648579756239425,3.74293525857852,4.55778253578422,600,3.74446031420319
0.29351011501153,2.90043080633077,3.45553259865699,600,2.90218643868506
0.394972244606149,0.850371673923893,1.05443448532845,600,0.850770348086275
0.121564977863925,1.3960931485148,1.66447061735589,600,1.39767481385873
0.245777783602511,1.26592427762691,1.57797598317246,600,1.26673277408947
0.427663962357146,0.672411232776336,0.83724145173066,600,0.672679672892769
0.323797673673602,2.88788411477447,3.54549055175668,600,2.88975878705384
0.229515906493995,1.79643342886183,2.1855599340387,600,1.79778696994943
0.127159119180476,3.83830555826407,4.62882970863892,600,3.84341097017036
0.15512972459743,1.87304477902149,2.25523981332454,600,1.8746143373582
0.258139131576296,3.48827236339622,4.3202971343362,600,3.49132790512634
0.279527249922862,0.205196995170284,0.247254346117465,600,0.205248988362283
0.554089862024361,1.0956205852122,1.32619698771843,600,1.09596207467857
0.570021369922781,0.977658594658652,1.1654094573651,600,0.977911027469036
0.197563754354822,0.562545678900822,0.691249088590902,600,0.562955627746846
0.65001672181811,2.77410826571303,3.35313712312079,600,2.77507822645765
0.630140612396032,3.06356559935178,3.80104682089526,600,3.06487992160973
0.635842460748738,2.61689456588052,3.26013616895858,600,2.61797532937247
0.169283064057037,3.53438929009374,4.30756163261515,600,3.53832469022845
0.562584654136929,1.48067317298562,1.77681619722133,600,1.48111710729462
0.227032520197318,3.80942218648988,4.75700582652108,600,3.81337212739678
0.470786966770225,1.97529975192306,2.43443358794857,600,1.97616092136159
0.609278785561754,1.00174945901281,1.23483651988882,600,1.00206776645227
0.204729581323767,3.97998550163713,4.6785742166549,600,3.98312805394985
0.274914133947165,0.665767445106717,0.794826810921687,600,0.666049870210621
0.455273242490453,1.53285973019816,1.83978931391525,600,1.53344654415475
0.429682777264383,0.577293575685168,0.720108629439874,600,0.577487594030935
0.348202579720156,0.665645757886593,0.790651821083013,600,0.665831319925832
0.696120505348395,2.83675620755542,3.32760201217717,600,2.8375515649182
0.52061869121088,0.626835845900517,0.777054314670463,600,0.627059941017911
0.295228079945708,1.72153601492383,2.07592537972585,600,1.72246835494661
0.257916956667684,2.55170798877608,3.01806368589136,600,2.5531845655494
0.634312888503493,3.34437456276442,3.93389862069838,600,3.34545661432919
0.445049907777993,3.11181233103054,3.72760016710444,600,3.11322585046605
0.461058232056533,3.66567135428074,4.42448169011495,600,3.66748923533484
0.586385101310686,2.29627977792773,2.70018463107644,600,2.29696215724012
0.326930622251186,2.18021182916117,2.64834810649179,600,2.18145364944928
0.64811563305781,1.73560087361212,2.03792904808559,600,1.73604500184098
0.577517513086019,2.74414819561222,3.24444330654346,600,2.74507062033473
0.363265296181236,2.51564052591957,3.06015539404118,600,2.51699853872613
0.468028176635838,1.9762021187454,2.40362704627615,600,1.97700719664864
0.221436967990702,0.7333791627378,0.85927656480145,600,0.73378819244381
0.541891715262165,1.91874934575014,2.3978849126521,600,1.91957906778342
0.493241492322055,3.66003082009663,4.54905736735414,600,3.66204277498656
0.171846702391079,0.959437144830221,1.15219619474868,600,0.96027055676374
0.331042555436434,1.11939682285375,1.39882721649283,600,1.12006377680204
0.518491532803795,1.66949676762128,1.98108558953613,600,1.67001181755095
0.645169399621298,0.575539049854678,0.705659984624495,600,0.575678738650928
0.549207018500488,1.90090119292798,2.25965348898663,600,1.90151542662556
0.514320487570189,1.96279625493068,2.38498770051407,600,1.96355303353143
0.534498564315067,1.65133551915937,1.97898745144677,600,1.65186188278341
0.526779540628558,0.636792115852691,0.765687932577374,600,0.636981766095322
0.318114681395373,3.90158815579878,4.66963260456393,600,3.90406792876658
0.214568570915615,3.63616539877882,4.33611620016323,600,3.6390994123726
0.538001221669713,0.743746654424139,0.906109202010679,600,0.74396032393669
0.64759126632057,3.08096873929542,3.70905968183052,600,3.08207207650936
0.58841947245477,2.06266097364526,2.57129020324815,600,2.06349741313889
0.441805448080364,2.19067875571999,2.72434035154979,600,2.19176741359532
0.563307809284026,0.896348832630697,1.075489007949,600,0.896571528776697
0.108198112715646,2.70949660058647,3.2799185463136,600,2.71335067978484
0.243153818496332,3.02063249640955,3.70121667514087,600,3.02306801272224
0.583903683592975,2.5291577042568,3.008279265114,600,2.53000689370674
0.699389955065777,3.31273783769207,3.97485132672013,600,3.31385929793283
0.261909291297508,0.45831701190226,0.555348794618922,600,0.458583347277068
0.148497664925538,0.238422494653203,0.286682385854423,600,0.238530331700947
0.646976850551929,0.207310981371692,0.246064011421138,600,0.20733748385191
0.642074013987449,3.97376543235657,4.80870136612905,600,3.97537937232406
0.393600236758053,2.27224905725556,2.7118369716236,600,2.273247336217
0.511846157462621,3.55804675360793,4.22736240097241,600,3.55950413542582
0.434126936483348,2.27598867242828,2.6586420708527,600,2.27679136838525
0.321018630552097,3.7863796477724,4.51733007974974,600,3.78869768085601
0.114671776258626,1.67286740964774,2.06797614255791,600,1.6754434982218
0.200051761732051,2.29352197168012,2.86188842862676,600,2.29587289825767
0.466658320892048,0.278788584995501,0.332168033041057,600,0.278856255536294
0.169703518086021,3.184687896551,3.80256383112298,600,3.18782020052227
0.498612464106099,1.8262816857637,2.18828017126782,600,1.82691518896682
0.510547954886525,0.325884416808393,0.381933795616982,600,0.325932974293755
0.517303184161323,2.37857434819866,2.79633672330016,600,2.37936863554884
0.123741048816504,3.16526416819486,3.85242231759801,600,3.16921599580676
0.123537583265083,3.06852163100631,3.78340671020431,600,3.07257821786124
0.425862797888805,0.927527951725659,1.1233348503793,600,0.927882200241371
0.616460709443607,3.60500562707415,4.37259606273936,600,3.6064785014244
0.173388358952701,3.11886901349391,3.88174603536606,600,3.1226469715137
0.365492614708516,2.67111841802761,3.22275861143498,600,2.6725011577334
0.188616891479533,1.61531417037493,1.89691309758244,600,1.6162304002824
0.363058136992159,2.72959154493723,3.27081702815294,600,2.73096459301779
0.5338640788611,2.18451203698693,2.6981656657111,600,2.18544956558817
0.343875447764681,1.57437990210767,1.95003847166099,600,1.57519223023093
0.147656263132172,1.32834157856741,1.59370828993547,600,1.32968552583705
0.32994213873726,2.24323013924048,2.63103149922932,600,2.24427136612802
0.389873007255957,1.8990950201837,2.3514013988601,600,1.90012459244873
0.510125134543709,3.36207654562092,4.13534123418216,600,3.36374211360325
0.633110277718036,2.35795622531399,2.84979268214037,600,2.35876187718207
0.216909553894329,3.22099308791341,3.78724707264155,600,3.22320335541517
0.631939121876466,2.89991685926366,3.40799256247507,600,2.90079928162184
0.467914412278881,3.48445779498897,4.19726987872217,600,3.48611871015169
0.418124232870665,0.553048648509859,0.655996602994723,600,0.553179344119341
0.126068456048717,3.19126158304857,3.97483888572382,600,3.19574929794241
0.302553366258058,1.57505475544523,1.92857368733968,600,1.57597402590693
0.192900764513248,3.43352015930631,4.11333243047029,600,3.43649013402385
0.382865305182163,2.51411894823271,3.11591760270949,600,2.51554684654756
0.297205941896575,3.0405293977913,3.69338025371124,600,3.04257774378083
0.611451053518157,2.42559647279009,2.94708118876919,600,2.42647959146021
0.295643253117654,0.485573006597217,0.57580217444462,600,0.485784936182063
0.407357733569219,3.25387802642298,4.02698399135759,600,3.25581666561105
0.486703060249743,3.24075781201498,3.92000983848558,600,3.24225640502022
0.580730399953024,3.93165337631188,4.6268423766281,600,3.93308837098947
0.248638266301597,2.66452405166318,3.21615315963807,600,2.66634446240254
0.390544859333976,2.11203642674703,2.53124057679346,600,2.1129982317425
0.328851014854608,2.53623572528507,3.1499636947653,600,2.53794545974944
0.263732393184077,0.965335833223227,1.17739629671072,600,0.965778061402424
0.692575688178976,3.52775005655058,4.40141004739252,600,3.52927899522069
0.68838291452664,2.07402834449505,2.42181226701851,600,2.07454048094029
0.660465816071765,1.31960380951549,1.60689563919505,600,1.31997169334832
0.136192146811307,2.95318542445955,3.54144346068937,600,2.95631093098385
0.2046272116656,2.21531417143353,2.58996758554545,600,2.21682392280132
0.62248592976951,1.12030838819975,1.36866936279524,600,1.12064713907269
0.111433067723248,3.7544341106202,4.49920876090064,600,3.75937535321513
0.412226344098327,3.39909486601137,3.98919380440089,600,3.40057256317957
0.385555823951441,3.51937436561631,4.2671922879817,600,3.52137630561395
0.238530965706158,3.36417918829228,4.15747005876086,600,3.36722339843743
0.156028365254173,2.01328803347633,2.50483697686751,600,2.01529731996568
0.666558081003916,1.8397859963981,2.24752480040476,600,1.8403699619543
0.570276436486524,3.63223884670671,4.40101322952856,600,3.63380833973209
0.480402194086053,1.95109048262228,2.43874661297737,600,1.95198881176384
0.220735195767986,2.07830818875148,2.50311419235625,600,2.07990245555526
0.406971958108187,0.274331812583784,0.33687243663654,600,0.274440436433941
0.176996421139553,2.47768673588718,2.99865465782143,600,2.48003828120072
0.673921829267809,3.17534983993021,3.83542892867972,600,3.17648700136245
0.447645095027697,0.317448726443817,0.371794955853109,600,0.317515807823227
0.515708397760794,2.07098092305564,2.57967220400232,600,2.07191877351958
0.540552538338214,1.49602756671321,1.8285866729556,600,1.49654971295876
0.690171152416613,3.43313888442908,4.27893110393398,600,3.43460516117926
0.582628745033751,1.52970179589167,1.84353552267002,600,1.53016384731795
0.162129975330518,0.313591128335571,0.373724305347161,600,0.313683170172364
0.143131807601548,0.596002933521445,0.696491346014616,600,0.59627313508814
0.108781838203772,1.8465168131615,2.24718207512785,600,1.84929340810425
0.44936674621621,0.413580168611977,0.500830547042011,600,0.413669120797716
0.227356139818641,1.01729187265142,1.2312261815285,600,1.01783386060102
0.152721194393412,2.14619559618893,2.57357400420774,600,2.14800642650188
0.370979124994709,1.72256898688187,2.0903840104554,600,1.72337429627967
0.166456905885878,0.599026819656404,0.70034058713474,600,0.599338363652862
0.537926019322284,2.13778717504506,2.57965593102053,600,2.13858523390487
0.210283719503873,1.58358962323944,1.94181484187062,600,1.58470981909226
0.684223582950589,1.63113098203399,1.97033252859042,600,1.63160004288382
0.351515203071287,2.7846912689168,3.29962311196813,600,2.78603938928624
0.613030453941715,0.369184262707055,0.451429853463297,600,0.369264789112845
0.587145855907555,1.18172425242402,1.42890153613425,600,1.18208489800162
0.503252038905782,3.22397314149653,4.02368955867833,600,3.22569466829174
0.537561569764487,0.650579276634642,0.810763432821343,600,0.650806991683514
0.444087349988593,0.981941860011056,1.1746336426423,600,0.982256098931465
0.534983535630504,2.91006946372249,3.4417811702677,600,2.91112583341072
0.681537675074056,0.892990581329608,1.10593432545131,600,0.89325202265874
0.20877110376736,3.1464692933595,3.83331119375128,600,3.14920529065512
0.218801882618665,3.63562294367558,4.43887125782536,600,3.63896270385394
0.160132973160895,0.817943209688249,0.988270156510259,600,0.818645420026809
0.218321990787653,2.81667579585047,3.37628258923173,600,2.81877122304096
0.641478083653131,0.44267317265448,0.546717389929593,600,0.442796312724679
0.560787949911601,3.7457728472828,4.48458920917251,600,3.74731671685738
0.67758103612296,1.45209354753646,1.73669070530515,600,1.45247784085043
0.585940577531818,2.18370806428397,2.63437747366831,600,2.18445823305446
0.486564588644534,1.1425069031929,1.40605408648628,600,1.14291149331155
0.458872128523936,3.29372654775342,3.96664212792378,600,3.29527500449563
0.578284888525548,2.33406982711674,2.85365900995492,600,2.33496167102197
0.376332679794329,1.27908857709867,1.58497206776778,600,1.27968624705366
0.102919936633067,2.6224708702826,3.21835870769753,600,2.62686913646408
0.543241128833229,1.25079039969785,1.54535155091341,600,1.25125765029421
0.279903741040973,1.96497131160058,2.33917187745843,600,1.96600896302127
0.105598178590237,1.15767450341111,1.40868957623352,600,1.15886681746515
0.321685655770211,1.18747620457918,1.45871989352326,600,1.18814789134907
0.213103191920263,1.10552071314116,1.36885936056285,600,1.10624953086373
0.227555795014194,2.13037060245789,2.65933574731723,600,2.13230092437806
0.285272210778223,1.63059238189924,1.96319265250796,600,1.63152920878173
0.60560420875485,2.43670055224872,2.96222486289094,600,2.43759732343252
0.522318749131947,0.757461594808446,0.886402054944313,600,0.757639569629249
0.470560144557898,3.62621241665145,4.23673655538255,600,3.62764661994458
0.6087097753699,2.33533874061171,2.73114949818583,600,2.33599837617795
0.651042480166898,1.55312140135184,1.89096630423502,600,1.55360250579727
0.486714591260095,3.72084441034152,4.38048211573627,600,3.72236002481557
0.555801980657858,0.800375315928942,0.939709767895716,600,0.800543403533018
0.413501934773245,2.58499807900624,3.08443963646218,600,2.58614669639877
0.468039994227313,2.83238937330846,3.5036613809933,600,2.83383197359171
0.116537149652517,2.35194765622687,2.8474659424513,600,2.35503729179796
0.605441165232614,3.82866976160107,4.47949154881242,600,3.82995907212558
0.386732421095518,2.45433343861315,2.94984915404096,600,2.45549166225373
0.379008276398777,1.81852584766675,2.20846739867559,600,1.81940917081979
0.351949233007181,3.14569240297054,3.69514774950966,600,3.14720789911749
0.433174192226687,1.95073602414036,2.37328582489633,600,1.95159444522557
0.458565982130441,0.342689440485871,0.416648030396228,600,0.34276825827705
0.293719374775829,1.93862651870333,2.31810661168583,600,1.93961979835284
0.226228342916672,2.49130009987581,2.98658874704984,600,2.49308325818293
0.173646527316611,2.23827205372994,2.629891591963,600,2.23991003851514
0.554180334742269,0.486097767901364,0.56843880258422,600,0.486203325176608
0.279557313489229,0.235426710420589,0.27840279688259,600,0.235491414833527
0.337766985354075,0.869553482750753,1.01874054186779,600,0.869843489395832
0.676214088170275,1.41118857171137,1.67686673002098,600,1.41154147401984
0.539649528690871,0.664028406383292,0.81263040472426,600,0.664236426570835
0.107445317418314,1.46295046817181,1.80424919749197,600,1.46501768236309
0.267030498564538,1.74797131982222,2.08851597527885,600,1.74900864047734
0.679063183175971,1.9425038761315,2.34083283663843,600,1.94307565603449
0.413660991540356,2.24813711339365,2.7660629939402,600,2.24925526755892
0.662762920623518,1.33284609092321,1.65746934704372,600,1.33326365117351
0.519062713744488,2.41255908823922,2.88165143089839,600,2.41344938512983
0.652815853618446,2.98301578730912,3.69895214115795,600,2.98424998468283
0.320039155619957,0.378039616301124,0.44834348372204,600,0.378198145852506
0.417199170834146,2.77663497793499,3.41869535542091,600,2.77815593433013
0.54875005556821,2.48035126255077,2.89649800439828,600,2.48110880067782
0.623978458515337,2.59557871924206,3.04858332385681,600,2.59635130664153
0.285086447405262,0.447458290609384,0.522601507300021,600,0.447649572936848
0.26445972319249,1.24176622044478,1.45605936548872,600,1.24232169081066
0.515493084107201,1.65847007978443,1.93990478387614,600,1.65893744182146
0.694012169465019,1.46795272465419,1.78582622573504,600,1.46837865319494
0.638426732302337,1.73383579213157,2.02573573325722,600,1.73427109691526
0.281662363812179,0.398837165601618,0.465321626424957,600,0.399004960904464
0.221000578119035,3.27858537290223,4.05549806927574,600,3.28161688359969
0.109671346843334,2.01562646426052,2.36814316668553,600,2.0180914561671
0.693313617948902,0.825991533896646,0.977520990223891,600,0.826168766415516
0.475004598346245,0.943450819703467,1.13992466313762,600,0.94374037468635
0.491460640684281,2.58960363510878,3.11762517431608,600,2.59067101984676
0.219290277493062,1.01148532607097,1.19169031776956,600,1.0119774024604
0.208634945477714,3.59260234957457,4.19902663963081,600,3.59515690299266
0.269625646582831,3.28356251865236,3.87106717230018,600,3.2856133659051
0.576832399213617,0.896928163909525,1.11600897225713,600,0.897200141218768
0.110023177514482,3.52506691600804,4.1754877317055,600,3.5293054399306
0.171647962663281,2.40984800215015,2.97447678826406,600,2.412355680429
0.540743516368269,1.89104222941002,2.35139624627085,600,1.89183386665035
0.63108918916647,2.9988495233269,3.52245831669851,600,2.99977266764498
0.115233067054203,1.85928305957094,2.23121097383378,600,1.86174842572008
0.402440064910835,0.436953564755729,0.536401691822766,600,0.437074217030773
0.279159102908411,3.91612475432924,4.62939259235963,600,3.91861498179886
0.555749989168029,1.09720122577412,1.34300659256382,600,1.09756545744544
0.610591323657705,3.01485144478362,3.73244022877081,600,3.01614693608435
0.536651971986649,3.85276427905729,4.67904515823139,600,3.85456275492908
0.410710122809594,2.00931400377314,2.44698686868012,600,2.0102615244509
0.643309312030454,2.05217356019241,2.44884938112129,600,2.05277642143298
0.27661874304697,1.90812342863818,2.24140975338607,600,1.90906721703845
0.42582324451614,2.52478047261934,3.12487521368519,600,2.52612497665604
0.138311514003433,1.40585576507404,1.75132598555241,600,1.40773890999679
0.562059458097344,1.29691784630911,1.59403716195872,600,1.29737078213195
0.122331468406259,2.62539567319464,3.15845251404692,600,2.6283768441188
0.508401168118906,2.33164222332761,2.90277868462653,600,2.3327445525215
0.276252826230077,3.0108404787288,3.71627509880908,600,3.01320863377748
0.323956123625849,3.16582458262908,3.84049609759615,600,3.16778404280167
0.619955495387684,0.858297029458083,1.04202835715187,600,0.858517497670613
0.463677649887546,0.234385284965541,0.290784133428313,600,0.234469219781347
0.171368764666596,3.95536991855143,4.8225885357368,600,3.95973407645263
0.691033273490266,0.659649741388011,0.789293135073901,600,0.659773042818018
0.226543359953156,0.467952111445894,0.578470987376087,600,0.468265132905196
0.553147478387299,3.45028520053999,4.29687031610858,600,3.45200848275207
0.161649565292257,2.00235943986805,2.3845528349253,600,2.00387086573134
0.122829992008559,1.21956523814463,1.47947130423672,600,1.22096309138233
0.394065815155427,0.285782899268926,0.355278065479165,600,0.285908061585648
0.412254371773822,0.47928444600839,0.590731698871834,600,0.479412131289465
0.588293486686057,1.75450810443676,2.14462544195716,600,1.75512849587162
0.511184126843011,2.05679704563137,2.52545715511795,600,2.05766192051075
0.433829434636312,2.74470734714746,3.34061714504611,600,2.74607389090961
0.683491809621046,1.94647657283092,2.31421403962898,600,1.94700292978004
0.279890524031186,1.7185530539961,2.13552312133891,600,1.71974529010701
0.686116414379067,2.69776010487886,3.24014676407144,600,2.69862723003627
0.471344830582499,2.8158194510285,3.41953134947403,600,2.81710698407452
0.374988519481595,1.54802999787695,1.92798586340286,600,1.548798520377
0.253910426647272,3.03110206266238,3.54844228031846,600,3.03292781116234
0.460698917679895,2.46815305966236,2.98105201336435,600,2.46924161644853
0.435270043836368,3.26922253257403,4.04338730270952,600,3.27105915400069
0.546822700836357,0.322729135363802,0.39227740661072,600,0.322784469534891
0.534917997752579,0.242916040481744,0.293855674862616,600,0.242967025349251
0.118835127904187,0.909137049906977,1.06786692325364,600,0.909755739266151
0.192236998595545,2.77581533811692,3.24082090385556,600,2.77786419829513
0.288853842607761,3.73146518098081,4.61609226585293,600,3.73442684884208
0.390054272548486,0.553970996256443,0.657470438246631,600,0.554102118841728
0.173125981495635,2.6998195666437,3.28439060078588,600,2.70260902065308
0.692201366617582,0.905672140387256,1.12567438878017,600,0.905940113838564
0.196921141549002,1.56559499180515,1.92613664880446,600,1.56672351310284
0.232910373877622,2.56260830511785,3.0971491992293,600,2.56445848231056
0.608512338287236,3.46049096720182,4.2019325232312,600,3.46191134691302
0.315824988496357,0.660079302766774,0.780273313368527,600,0.66027469569052
0.548056155681239,2.17381361601101,2.63079087170725,600,2.17462586135085
0.344558217901964,1.34167544566999,1.5763530475699,600,1.34219742600409
0.329060753782215,0.488609754742894,0.601301735405486,600,0.488816022712769
0.660522636384441,1.43295157104202,1.69735258213854,600,1.43330879684076
0.481113429843791,3.24810565464681,4.03270504629533,600,3.24985102576264
0.49397094659586,0.443886513496775,0.522471747778768,600,0.443969892544078
0.250256994624144,1.36844600652795,1.68924468837142,600,1.3693481702348
0.382428830905494,1.30624125009653,1.53542017410319,600,1.30667661580125
0.533449692193348,2.7758595043962,3.37507675624715,600,2.77702709632321
0.577651413572932,3.70254697900544,4.5403171659903,600,3.70425364633062
0.372120511492097,2.74777113433921,3.21339079313491,600,2.74893623002824
0.492007593570482,0.465926822467255,0.567632567128454,600,0.466041505455991
0.224712065340252,2.57990186259876,3.13838876995669,600,2.58192315374548
0.369453783998932,3.79184781545491,4.69532270015449,600,3.79440148823689
0.404477154229909,1.02125688735752,1.22423723147696,600,1.02164162835083
0.569120880801585,3.28683240389606,4.00846590825237,600,3.28824570121911
0.165049269126161,1.31383002914898,1.54196966938533,600,1.31479705071124
0.543680054472482,1.39877205096668,1.65735355970952,600,1.39917883202162
0.31196823286392,2.72717326706794,3.23011717722529,600,2.72866090301712
0.363285964649915,1.00747351514713,1.22733870291903,600,1.00795225914639
0.468603532459594,1.64782084340461,2.01631133179197,600,1.64850934958981
0.671343231983825,1.07297629454098,1.29817824762039,600,1.07325477649812
0.241403527118329,1.97924782489402,2.38636925731126,600,1.98063812529758
0.175578754578324,0.66029271091874,0.782532181347801,600,0.66072370289476
0.508233800994259,2.89130307893903,3.45959263773885,600,2.8924630512181
0.284306818070611,3.50925139339597,4.30447223572319,600,3.51190195877305
0.256047019839398,1.84168049059563,2.16710963003426,600,1.84272014181187
0.379612152860287,0.755495932158399,0.899167804558873,600,0.755747936677852
0.277593206415194,3.25054850051845,3.91630134434252,600,3.25280413714147
0.173178284338012,2.86745499103344,3.5574278750116,600,2.8708256205397
0.156981241728445,1.77660455715789,2.12626233958628,600,1.77802753151012
0.402032469674159,1.89569377023426,2.29459365436593,600,1.89657804282981
0.621812577551503,2.2970884847265,2.68959154936411,600,2.29773001099304
0.595002122488355,3.65988951953666,4.46889628961602,600,3.66149420804112
0.179017635332757,2.17274916364383,2.55218834841748,600,2.17429816169206
0.698859136771919,0.466356516751908,0.580771961902643,600,0.46647723963432
0.256042243704701,1.79893406371048,2.20637023021914,600,1.8002386900975
0.558518192483966,0.585079285778,0.684653707386134,600,0.58521702163763
0.3867796066434,0.88288169560258,1.1022972692395,600,0.883321753015935
0.11715250309459,2.22849548484834,2.68013249508513,600,2.23133691549351
0.30909280310988,3.51412254411485,4.19274435227368,600,3.51624319289099
0.680866511844999,1.33958322120582,1.60608434180364,600,1.3399242905288
0.145098432765073,3.96186249859844,4.68432668464926,600,3.96623903979869
0.339974430175244,1.50348233540632,1.78275228333335,600,1.50409534123384
0.552717413917935,2.30631127361346,2.69859976521813,600,2.30700716465779
0.287737585212167,1.57621734548964,1.87424236962089,600,1.57705264348641
0.284518581751971,3.14006207421152,3.74443453957236,600,3.14205199720239
0.389841901331051,2.11989953607049,2.54156392138351,600,2.12086892543823
0.154013052312517,2.7630440542123,3.326576397808,600,2.76584402762282
0.228417580726309,2.92779752472074,3.54943663894889,600,2.93005146736798
0.572961185288466,1.60937664292285,1.93104396251931,600,1.60986723318425
0.273599754749901,3.35262502916829,4.19056008000569,600,3.35551581547064
0.399842003097131,1.93545054014023,2.34791403058404,600,1.9363717015696
0.1821422608142,2.13166485537055,2.57419783647396,600,2.13344375537007
0.418987266010317,2.3453584099289,2.86145512948241,600,2.34647886163188
0.193161263009574,0.295662820975225,0.346908228708913,600,0.295735113342571
0.118609339758196,2.98037326649956,3.62844767446708,600,2.98415283799826
0.586101410890128,1.63261860143835,1.94234754508579,600,1.63309135765864
0.529812432676362,1.07343634359852,1.29436411891501,600,1.0737580482882
0.26009636506172,2.56030856452332,3.09992391159615,600,2.562013012876
0.629145218521782,2.32872855257179,2.8799092457694,600,2.32962988371361
0.462169542519461,1.51778760313857,1.78054104673417,600,1.51828313090188
0.506550986915118,1.34999973099159,1.6195884708998,600,1.35045991016404
0.664322272142913,3.13889062306868,3.91095228190774,600,3.14023188731195
0.585152689522612,3.94216003786233,4.74158580940671,600,3.94380175665444
0.122355577356579,3.3981475346995,3.99488504192642,600,3.40173696702489
0.29600413915707,0.560031437671586,0.696595314018589,600,0.560320061947115
0.252840554820385,3.81224521907258,4.59021845753087,600,3.81519379531354
0.413265643923432,3.66723706432451,4.4936733267812,600,3.66936268607912
0.337108657705277,1.39762182400117,1.64775829656978,600,1.39819009353016
0.437064053532526,1.26226803896648,1.5325484483582,600,1.26272358205356
0.513898683831092,1.03180809622634,1.28579095114813,600,1.03216513504861
0.578952910133972,2.76727701741433,3.42811689676834,600,2.76849633256879
0.472999320994179,3.26278941088564,3.93368102639436,600,3.26429983734424
0.314307988822241,0.527018255929408,0.630709720662855,600,0.527217309800104
0.195554829203824,2.80020760563945,3.33811809804469,600,2.80252766542059
0.249104805221982,0.330639956949814,0.391439705016134,600,0.330767109615183
0.642006592962912,1.31730021748946,1.59597710133887,600,1.31766249307163
0.430805569617353,2.20841528161184,2.70718363075155,600,2.20945269052434
0.64709866278162,3.46446855722797,4.225404973133,600,3.46585642974971
0.603651929612758,1.7266963867821,2.13198982621374,600,1.72732731839654
0.189298932722937,2.12439696690745,2.58885271228788,600,2.12626011434428
0.62989907375566,1.41918991862598,1.69935038551056,600,1.41957164730788
0.319765401005827,3.34366250735032,4.17711110737116,600,3.34615845010701
0.367048398654823,2.82714834005312,3.34933006431451,600,2.82848305976343
0.335381470310462,1.12879279554862,1.36204509167038,600,1.1293462507633
0.354873180170302,0.527304921073447,0.653996042023278,600,0.527485538352876
0.462959307395731,3.32506450854115,4.11706198492418,600,3.32688606615469
0.31621148064677,0.836123670073775,1.04478712730779,600,0.836501433802773
0.224063924909474,1.16847193430457,1.43272581387105,600,1.16914402799731
0.672378251155029,3.78166031042168,4.50332655202839,600,3.78298604113631
0.107880013229843,0.669340942725655,0.782855699446357,600,0.669676336853197
0.695524963477252,1.84022196722707,2.17165886756381,600,1.84068017615972
0.330988572452555,3.82443927799679,4.67702026511381,600,3.82709686717209
0.118160635586601,0.281116495200149,0.349323934076901,600,0.281388817790596
0.480583697246203,1.17225139655641,1.4340843271477,600,1.1726624063683
0.289055416568383,1.50280525183033,1.7726128887163,600,1.50356169006467
0.101289335498544,3.67203541742747,4.41242951539176,600,3.67732253953698
0.56860951882892,3.75896312164901,4.48225875976877,600,3.76046138540016
0.527915176361234,3.29009052148359,3.92798103125271,600,3.29141731342478
0.595232520656061,2.96333956896654,3.6648950843655,600,2.96462354009216
0.30348909349137,3.50970963165853,4.15414248708155,600,3.51174577356426
0.58223093298672,2.18899406698733,2.62659765775152,600,2.18972697906153
0.650517427339748,2.72519918856587,3.18991695909738,600,2.725972374941
0.641338280652065,0.346293090646879,0.404048556337236,600,0.346346842688518
0.249397204469869,0.99095510489846,1.15659853354478,600,0.991320924553063
0.626256972060926,0.958954528442313,1.19472181981173,600,0.959265665897849
0.441950082486273,3.44262077839804,4.08887242279367,600,3.44417220690552
0.193012480057424,2.28837652487511,2.6794299578836,600,2.29002014108583
0.247456569410046,3.76642999311352,4.52348269377109,600,3.76935760388654
0.521779374775011,1.60398185052178,1.99899084105936,600,1.60462783179476
0.371676231615569,1.18944312956743,1.44639421739726,600,1.18997062567506
0.446773159865955,3.6551266786318,4.27729575457632,600,3.65665011156539
0.233880310126016,2.6860672391176,3.33163065668736,600,2.68830414744224
0.260113594618269,2.68118134927905,3.19830501744663,600,2.68285952125012
0.515935997410734,1.40451086814262,1.65884105633036,600,1.40493875833154
0.173530055081415,3.49257313436436,4.20094270750583,600,3.49607180724927
0.365367907686757,1.2332524242772,1.53372999094775,600,1.23387814102133
0.133699115663601,0.839319159307741,1.03212648881893,600,0.840064765830441
0.398981972992125,3.08686137525291,3.61095241287395,600,3.08818728272965
0.402527583278163,2.54264834530195,3.05532273313257,600,2.54383170194554
0.670183686616059,2.16315715123209,2.56043826159668,600,2.16376285867795
0.285076931112535,3.41156248389034,4.11331728712364,600,3.41388525380026
0.407975454723239,2.76734817128018,3.39341744406382,600,2.76884940195068
0.601782013423593,1.25791565665584,1.47906677237403,600,1.25822401941519
0.10680697292934,2.15063035770386,2.54262085272104,600,2.15345327082638
0.125340948208751,3.71471680672221,4.57349813434038,600,3.72016522632427
0.298680050165337,3.17417020770005,3.88629425107051,600,3.17639936990565
0.21227283235224,3.36728653058752,4.14724257200536,600,3.37043542366217
0.121457210280118,3.09649655818468,3.85082112089013,600,3.1008448114127
0.152427507273878,2.91977623352967,3.43116161252927,600,2.92242478429291
0.121858541828563,0.451299705874647,0.534608310908431,600,0.45150355065767
0.523076383901565,1.89776810907624,2.26188175032881,600,1.89840353323565
0.35741922937842,3.00416472961157,3.67356180959151,600,3.00595379603624
0.1326466866573,3.35695535551842,3.95256482978429,600,3.36043760006253
0.295647464412975,0.378024153803133,0.466431970078836,600,0.378237947150224
0.116549088476024,0.515650883251645,0.607233198434724,600,0.515888259019386
0.643518705570982,2.87180531815788,3.50845180390216,600,2.87289378682918
0.496933799468776,0.842158932179022,1.03174751262727,600,0.842430056693297
0.308924885437071,3.49808935977374,4.221657485069,600,3.50034672966204
0.268905154653561,2.11985459315003,2.54993900125119,600,2.12110544084002
0.587752001392992,1.84817700662123,2.17214794614886,600,1.8487027846617
0.105988779805994,3.4129696362926,4.07235584669039,600,3.4174064613402
0.562021258012548,3.93569686115188,4.8778082517193,600,3.93769510549502
0.455297137520715,3.3397434502398,3.93362756246703,600,3.34112503228565
0.218479346085745,3.58870213137399,4.40346620007749,600,3.59206716367554
0.68909356673814,0.894612558627623,1.06968964410704,600,0.89482604550519
0.512812942734274,1.06690277644483,1.32613645195445,600,1.0672775658312
0.232711611017018,1.15090959486607,1.3448495705374,600,1.15138400883249
0.381576633213476,3.91573360062167,4.6887523840469,600,3.91788490128855
0.616005402215841,3.7764042610864,4.55734584491819,600,3.77792445767793
0.226676420070541,1.77829364208247,2.14793978044808,600,1.77957608640862
0.604308085217114,2.19535275455454,2.58379342209134,600,2.19598474289657
0.111571650882993,0.800553610332125,0.988185039186119,600,0.801168584441681
0.488516033953826,3.48770379203938,4.24749140118999,600,3.48941689523165
0.494637691895483,2.7573488355634,3.27521318001737,600,2.75840363945544
0.5898700060015,3.87758772181271,4.83871548032757,600,3.87953969356872
0.438597027076312,3.67895583068172,4.52394850156897,600,3.68105615080028
0.482140152445903,1.89103540154385,2.28499826806834,600,1.89175051137446
0.131242638622973,1.74544314513174,2.16313059003867,600,1.74780257245682
0.46324212501982,1.01218219228941,1.2535649593901,600,1.01254573432034
0.135161780070049,2.02469523743662,2.42293663791428,600,2.02671309144506
0.626407638543713,0.928431034981308,1.09476246476581,600,0.928645705700381
0.300937331792371,3.69416973078871,4.45075863156252,600,3.69662768374586
0.335940174972368,0.533966908824162,0.66237643266154,600,0.534172688490589
0.402699080121658,2.00800158641677,2.42936998607848,600,2.00893570157916
0.645956766281173,0.940693638323257,1.15621742318261,600,0.940971868806814
0.450275236394269,1.72512132362871,2.03779362428226,600,1.72573259306575
0.681432119083444,1.50282544835645,1.84069208669987,600,1.50328752841651
0.563845636174481,2.17436868880486,2.64612412057332,600,2.17518312473056
0.467347967499979,1.64452764397618,2.00305254340881,600,1.64519987696367
0.688291047399267,1.1357636380776,1.39985175910741,600,1.13607630085886
0.241954356514419,0.224694899901418,0.279838902139711,600,0.224760662937545
0.537170780206938,2.53305093210697,3.0441610254153,600,2.53400277057619
0.397199157232916,2.85837040752797,3.44121730246761,600,2.85981028434625
0.584348018066294,1.17523647362653,1.45212769159294,600,1.17564285681016
0.443282604560351,1.57452849663947,1.92453590523615,600,1.57521571650267
0.520521087130557,3.67425496951249,4.3093561997226,600,3.67563536807845
0.308161448632128,2.46665598743039,3.07785712370369,600,2.46843251312429
0.623665271172447,3.90449416982769,4.69966354260475,600,3.90604815729555
0.487369299855754,0.803194417522101,0.964908040038546,600,0.803441140015257
0.65340191351542,0.928488271490324,1.10701436800913,600,0.928716104414344
0.68731775766785,2.15413367645384,2.64370782549767,600,2.15486751982982
0.453056052915688,1.82031798714628,2.14045678271939,600,1.82093592033468
0.307978008994158,0.992309479196985,1.22942030251322,600,0.992821918124201
0.674645249939581,3.37702868359793,4.14509484239308,600,3.37837372627154
0.146029354679597,2.31042897522927,2.75119826026062,600,2.31241349527556
0.384380538761319,3.33500993230798,3.94636651639438,600,3.33663483166186
0.165092453962858,2.7030012780577,3.15715587388745,600,2.70520187434323
0.24056268084777,3.94365877838801,4.84347419402184,600,3.94725935616517
0.265699502459052,2.22583026063212,2.65370832224574,600,2.2270958906201
0.545151601331304,2.63601251408526,3.12632377879022,600,2.63693307470958
0.195396447863363,0.971950560931122,1.15162210379028,600,0.972593753013082
0.157814952762234,0.509460139768491,0.618279499063761,600,0.509720226687464
0.483575211564651,1.49554206543014,1.80122304489397,600,1.49609449658923
0.568473800749116,1.93397715016138,2.3551790638859,600,1.93468743552883
0.642625646491566,2.44144780584773,2.85577089459725,600,2.44212711825254
0.202819160111809,0.584908619971338,0.69741968461095,600,0.585280448597357
0.162092035517425,1.85203488711187,2.28710510949165,600,1.85372068174256
0.346647197670385,3.31834670740662,3.87860231781267,600,3.31994694797929
0.367426974890623,3.42438525631608,4.27013685013378,600,3.42673743743068
0.497646672698306,2.22447623263485,2.62329352112163,600,2.22525013927355
0.168015869868692,1.0871680635172,1.27394348831766,600,1.08799122094403
0.368349248501342,1.91133886424582,2.26064145694639,600,1.91216151151747
0.236972442298045,0.327274184824779,0.396703391250157,600,0.327411399234046
0.314830981170475,2.90544168413081,3.40595674536437,600,2.90691279840465
0.46230064331722,2.47950593323343,3.01207226148209,600,2.48063523309867
0.508237137694447,3.13771234843178,3.86611116129177,600,3.13925444936208
0.540834013186363,2.19328604592696,2.59787495332614,600,2.19401545516656
0.525632642849599,0.65716313952084,0.769303279451516,600,0.657327564263904
0.25468670622995,1.01834055191923,1.20644929398129,600,1.01875141304301
0.497886567626274,3.74488761375944,4.43357037070373,600,3.74644413206445
0.486772889974491,1.3640800104269,1.70454252032539,600,1.36467818088495
0.317238655814018,1.06699417567196,1.27408733232161,600,1.06747883125974
0.317578278708266,2.1094708887135,2.48608657288284,600,2.11045497422762
0.122222529389096,2.19359793012115,2.58924671132313,600,2.19592598007771
0.192694386303214,1.82919853650845,2.15853011332041,600,1.8303618404226
0.103145652663697,2.18130670461365,2.7108215727663,600,2.18525793565947
0.376033392079133,3.30557121390183,4.05374949577666,600,3.30759409312199
0.482712911093966,1.65116791755637,1.96004549143131,600,1.6517232298146
0.28758308201417,1.14591284635657,1.42556369307546,600,1.14659841443248
0.263692337744688,1.89452703438698,2.28022548279763,600,1.89570290870092
0.596063988790513,2.855749309784,3.35356652337868,600,2.85665121299484
0.325875029877071,3.35898248684804,4.19506513921957,600,3.36146456060969
0.582407471436298,0.777976784166174,0.938085029627863,600,0.778159416122017
0.300008746747488,1.79400036697489,2.10855442518516,600,1.79480237026075
0.353432761428297,1.7126530310097,2.02993956026616,600,1.71335134195841
0.693601110739904,1.90902013189527,2.30196163453556,600,1.90957285168024
0.270005379810078,2.38867525908299,2.86806180470621,600,2.39010837873421
0.182326387213466,3.00911994778382,3.68631226744481,600,3.01228933130329
0.307984744868514,1.47390499844007,1.7895559154929,600,1.47471976073279
0.482755744125642,0.428803701051545,0.531039203987403,600,0.428906859235277
0.14421507012358,2.92633990383846,3.45581391329299,600,2.92910579158898
0.522926836164748,2.91502391374691,3.44566433375659,600,2.916093829916
0.224122800328014,2.58764211614643,3.13056669176583,600,2.58961331285225
0.380837329042411,0.26611026410087,0.317934150277965,600,0.266207715387709
0.596599078322077,3.09862696895562,3.67973832615629,600,3.09970394342718
0.537479527184404,0.946776894094777,1.16052538453382,600,0.94705627826385
0.4317249387073,1.35679912744932,1.66449767132703,600,1.35734793803337
0.630135828498486,0.814542020410717,0.977054017121144,600,0.814727674201234
0.293155568104469,0.303115718731352,0.375373079502687,600,0.303267777443533
0.534216381699591,3.68702547076159,4.60784649387683,600,3.68899724045683
0.314276003547599,1.40283245617468,1.6368504182305,600,1.40342631251539
0.130981810800223,0.621465008256018,0.733907573569623,600,0.621765204304477
0.408641236282732,2.51393456595069,3.10747713358422,600,2.51528643853871
0.555992403963796,0.748855500839154,0.917007936378503,600,0.749062363660013
0.645662191236756,3.70123469660491,4.37472175842569,600,3.70249284628994
0.1274290919818,3.30363236193235,4.01869166858837,600,3.30780279756312
0.255612756995442,3.71242357775651,4.53634426199404,600,3.715502907225
0.483344814754163,3.3299005727266,4.15543072089933,600,3.33175037426952
0.689883016625843,2.68104641266462,3.23462359272765,600,2.68192607264922
0.464677126278276,1.36737266669172,1.66860451706097,600,1.36791058914483
0.685563853871295,1.97323429105524,2.33408640021844,600,1.97375341472533
0.398043451516959,3.18418750705302,3.92284166698462,600,3.18607308472422
0.366981942593428,2.70925198076354,3.2703837285067,600,2.71066078161045
0.628354262835806,1.514933596456,1.86343398636401,600,1.51542936915853
0.544667495415913,1.99249303333285,2.40848459914099,600,1.99322340990689
0.432269635248538,0.25904936904512,0.322708111512928,600,0.259151711376965
0.375966443604188,2.48701906267116,3.0537049666726,600,2.48838193679916
0.678799893962849,0.595082288375393,0.700591781285219,600,0.595182824875595
0.394082900534092,2.89212877740078,3.5943782680421,600,2.89388098674421
0.443913184509365,3.55640063913029,4.32312589776904,600,3.55826454500652
0.244840466742412,2.29624824621512,2.68378001636869,600,2.29751360519086
0.435664260281512,0.513544850123252,0.616295454634989,600,0.513666805136734
0.442546117993339,0.565285546852443,0.704813842498525,600,0.565473764853157
0.426110065588343,3.28810764645327,4.06080944248988,600,3.28997423914226
0.49237886198758,3.59611702734031,4.27370893032037,600,3.59764565593265
0.290108249347778,0.687615175681714,0.816469478903667,600,0.687857685678116
0.185982856203878,0.481348551811245,0.600510115201577,600,0.481656463100651
0.487861434850059,3.4795761751483,4.26391114014449,600,3.481345584304
0.416283254387051,3.14895903826716,3.86253077769007,600,3.15070239020414
0.192260509168395,0.262017556966781,0.3144339300733,600,0.262082955832126
0.63081638510767,0.313045771473286,0.389249618468041,600,0.313106094289532
0.519698501494274,3.27476037330184,3.8471227172941,600,3.27596583272233
0.3763966365241,0.304911860759808,0.356650140928976,600,0.305009755906772
0.690078832571006,0.317340579081731,0.373531977244986,600,0.317389898468105
0.222116554081314,1.58254335319377,1.9225966334424,600,1.58361457336177
0.309831451158495,3.28199063129263,3.84302775925658,600,3.2836964239302
0.677100605376986,1.75442581076808,2.18120593315824,600,1.75502434016091
0.696662952539708,0.233712813569054,0.273958892789723,600,0.233736556358739
0.3646725142923,3.73391297803097,4.39639174998938,600,3.73580072862598
0.615377857702691,1.23202938690354,1.44854816245882,600,1.23232318099359
0.212371926821139,0.562094598591054,0.669068498914152,600,0.562438991465417
0.332712289859806,1.86313553309146,2.30394151464333,600,1.86418037623323
0.46684685777919,3.9391294739197,4.64229209220165,600,3.94082790891064
0.694312333050593,0.515323244424206,0.643042488916368,600,0.515450303339506
0.692372802298101,2.85055981695949,3.43935763186934,600,2.85151925566531
0.385248180467752,1.89201524163729,2.27624536503393,600,1.89289590314001
0.4653721414901,2.32757576961692,2.78131481336916,600,2.32850936842037
0.677829767939164,1.99154706723681,2.45271297373866,600,1.99221765494595
0.488161085402917,3.56437448695532,4.26965347655088,600,3.56597410356962
0.328192359158282,1.70727281797048,2.04508164322959,600,1.70804834512923
0.428238680122746,1.46150394757225,1.81737287264197,600,1.46217888739666
0.114348847562571,2.4889717847296,3.05694771618074,600,2.49256200571079
0.43763528644631,2.55507106824611,3.0331218292687,600,2.55613348932252
0.484187829951996,1.3363421097595,1.56271405732553,600,1.33673633905023
0.399218095636553,2.46274766940846,2.99970841645784,600,2.46397454840365
0.258199583915193,0.650443364660959,0.793801496979124,600,0.650813579378347
0.357130705305454,3.6656927638571,4.57169962968583,600,3.66831562786535
0.109433479387791,1.42089827212188,1.73767049463594,600,1.42277924463438
0.655141605432968,2.216635158684,2.71931583293957,600,2.21742037024314
0.498213538415619,3.21674599051711,3.99876137447535,600,3.21844012488578
0.634526485526848,2.00161395331489,2.47605706947101,600,2.0023364968503
0.674200168991419,2.20267050578413,2.63413987389116,600,2.20333108721386
0.600547456688033,0.353257036207894,0.437984433850129,600,0.353333477513139
0.251910053731176,3.89597900281877,4.81120504975157,600,3.89947036791812
0.692245369633388,3.03034939268187,3.73966225842217,600,3.0315298832133
0.638358546333077,2.34458609378693,2.83833241817329,600,2.34538880572288
0.436105435938092,2.98735396841654,3.70239268275661,600,2.98901119355415
0.211128258139498,3.15020833088658,3.69720815876232,600,3.15236631714872
0.338266811155152,0.663011268895076,0.812632342864946,600,0.663235898497955
0.414350955591618,0.715591882055747,0.876551071581952,600,0.715868040312917
0.189610052649126,3.69952972803243,4.51335278912026,600,3.70320889557583
0.176295983020766,2.46763217411866,2.9253804101741,600,2.46969439034674
0.458634885319493,3.87604238082625,4.55339271084869,600,3.87769630522648
0.600545531886444,0.884095322217612,1.07915820949789,600,0.884335068832845
0.412218242798458,2.36968804341846,2.84101165199059,600,2.37072617779816
0.535112134402549,1.4876254296437,1.74686916865895,600,1.48803796543902
0.425244374154484,3.49797125800846,4.32247616551884,600,3.50001201288009
0.275142377598439,1.11493493361608,1.31481093757871,600,1.11540405467121
0.545053023330069,2.68147795027818,3.30690709898258,600,2.68266231582549
0.556323044304351,3.9879192172693,4.92701704823846,600,3.98993515725164
0.3569993314228,2.79491939010786,3.38188469152975,600,2.79643946692023
0.484585271903021,3.13191428466564,3.87899910702623,600,3.13354180828472
0.468482998272604,3.6145082099937,4.49670120166729,600,3.61658690406631
0.449287429120476,2.08268816504567,2.44694677707024,600,2.08340794550762
0.671993586372402,1.45042424475923,1.69326544014795,600,1.45075301424575
0.107975306351267,3.52806869157697,4.35669851442804,600,3.53356287749047
0.218839949162285,3.35902059128033,3.96857985346905,600,3.36144160994173
0.546872956217198,1.66047312804103,1.98898114260598,600,1.66099416997181
0.242271751178927,1.08010801211339,1.26281553349993,600,1.08053146345588
0.107150054116544,2.9946543314695,3.56356115461828,600,2.99846138772248
0.296161958087619,3.83835164231457,4.78119982778212,600,3.84150042001602
0.545490946616385,3.25273152744948,3.94440492396552,600,3.25412641894445
0.451138943319144,0.61076089742815,0.747688586236654,600,0.610966578677809
0.612909114145025,3.76872544655558,4.70581262740961,600,3.77055584989643
0.187496822235205,1.8080320877491,2.23667309463915,600,1.80953313128949
0.555231283495015,1.26691260338916,1.54372168858653,600,1.26734221204242
0.251834025135405,2.81167603733659,3.51001565731603,600,2.81403746085952
0.144665087636006,0.698099677125968,0.816323489395711,600,0.698490097038177
0.383807298094806,3.77700659145988,4.50579000944107,600,3.77900026373874
0.480587697737921,1.13459167281911,1.39510203262622,600,1.13498977347023
0.693357462304601,2.08916391743807,2.53468693618639,600,2.08981964980676
0.122478699914307,3.25781409978151,4.03160720381078,600,3.26235598042531
0.446312859961239,0.569489924386663,0.699672903934586,600,0.569668275475939
0.326459333177993,2.10100209780903,2.62019168759438,600,2.10234687759748
0.341344074724599,2.82198984859014,3.5085613339221,600,2.82384063900483
0.319849726772446,3.72385282518333,4.62401557313259,600,3.72669329532728
0.167755839498734,2.23017576347265,2.67806429306003,600,2.23204514170274
0.384043593705981,1.6865998816151,2.06593223065755,600,1.68741338585178
0.210373791731402,0.773493589118788,0.957804524344217,600,0.77413121739583
0.651098624034545,1.52951457920077,1.88876387064276,600,1.53002222902822
0.192911373172083,0.839186322479014,1.0175814673112,600,0.839869033900117
0.163128167454288,1.88266792237141,2.28561601286282,600,1.88422155903846
0.233442394214817,0.717995362784628,0.889556086832144,600,0.718507969531581
0.669253220414848,1.44641890932234,1.71926558544291,600,1.4467882481964
0.184295726632553,1.87983824958886,2.25578597870707,600,1.88119794693884
0.528693092599816,3.81182945652568,4.52981372305359,600,3.81339938430201
0.411288679752435,3.3964466507072,4.22428897915738,600,3.39852383622154
0.293583732037747,3.10956745521655,3.77957291687658,600,3.11170048891504
0.362469127001267,3.59312257902051,4.29208942856416,600,3.59511064567811
0.583815328932481,2.97445681547901,3.68144656279496,600,2.97577338218158
0.541341134467351,3.6158978969467,4.51447338104154,600,3.61778993290916
0.451339465849842,2.95956965635654,3.49116900165522,600,2.96076054475065
0.14065860336376,2.36316321675591,2.89213022430902,600,2.36564204363922
0.492887973197137,2.98563937684466,3.63450034991095,600,2.98700782006374
0.638530180787172,3.76423676120149,4.6272523007493,600,3.76587256007486
0.692979180176825,1.0103033244088,1.23240161599366,600,1.01056980127712
0.159083772585084,2.89935408268164,3.5545351980554,600,2.90270221775182
0.591368424887157,1.01811108569219,1.26752505051162,600,1.01845800337138
0.204369411354908,3.74933037754566,4.4125201582904,600,3.75221804405261
0.289548929630696,1.13396348828706,1.39174252297139,600,1.13459011890569
0.479273042163713,2.05236562665079,2.52768649990086,600,2.05326535759728
0.172507302310364,2.24981966105911,2.65891384418234,600,2.25153802442158
0.104610209226511,3.86661206421386,4.58680321369284,600,3.87165383501841
0.504908560627243,1.88204535292652,2.28206553578597,600,1.88275009394804
0.42009336653061,1.57411189550876,1.84588735332258,600,1.57465771905794
0.671493449073304,2.76217572797318,3.39892304742633,600,2.76321812867104
0.154520687100603,3.33914534568946,4.0718065295436,600,3.34320108206371
0.647225425384355,1.32030448950549,1.62114379596923,600,1.32069391541503
0.142972163091075,2.29545491785913,2.82960682695724,600,2.29790293632532
0.585011131290233,0.741688692649562,0.899973867767847,600,0.741868330715497
0.52292491432333,1.83680422999468,2.18021785385446,600,1.83739183723154
0.228954630478417,1.28529418886143,1.55000158286981,600,1.28598821968099
0.334727260177332,3.88600390927864,4.82251657457243,600,3.88891023190864
0.413312063770013,3.1762424284184,3.8641019581576,600,3.17793674341309
0.218140422623248,2.99445195467434,3.5232895543138,600,2.9964532012886
0.317275951541074,1.65140257913597,2.04141953745277,600,1.6523330378832
0.466071826400715,2.21912661385812,2.74457845425421,600,2.22017951741026
0.307082298799472,3.16548963021742,3.8305836964254,600,3.16751265360181
0.338657404731488,3.83016600843181,4.77721534445617,600,3.8330659265104
0.464214143083912,2.05539204255609,2.53067567369765,600,2.05630680922963
0.136538617099168,0.749596576446629,0.900243376322699,600,0.750114365241371
0.620769344794607,3.3376270201465,3.96341462482761,600,3.33879373076403
0.547809842479537,2.99702173370872,3.67769764437715,600,2.99836369368727
0.275919542045589,0.286944454294283,0.336734200888147,600,0.287039912551897
0.6175916787641,0.219504780221844,0.25829005045297,600,0.219533262994472
0.686189802214255,2.26279086009193,2.81904661608711,600,2.26363872459923
0.457037047066146,2.89377267325499,3.58897422173266,600,2.89530595933351
0.270961744527321,3.57825680914518,4.37978569609976,600,3.58106699337822
0.314520037456098,3.13663855650848,3.75922393465525,600,3.13848661850456
0.376482106837392,3.31959327957497,4.05435412727537,600,3.32158006016487
0.215309147741904,1.86171365794534,2.28443254803671,600,1.86323823030076
0.599786944672657,3.03183931352923,3.73874060779096,600,3.03313438293504
0.24343930515134,0.784671229162834,0.952219671635065,600,0.785101525489664
0.477046379338313,2.08177562296492,2.46676827005359,600,2.0825117218039
0.119935348950873,2.72532361975746,3.23077329695398,600,2.72822124100464
0.166320787406244,0.819753879647107,0.962130236854062,600,0.82034343010133
0.320747943292152,3.5113398677986,4.14571345020459,600,3.51328115371508
0.209833332375344,3.96321693932222,4.94126580958578,600,3.96755752327975
0.363428785353897,1.95786778866623,2.40033429782319,600,1.958929366282
0.499896775137016,1.05760783819078,1.24624720201197,600,1.05787929316616
0.562513017765603,2.70463479248629,3.21448368116125,600,2.70558681203883
0.230738541501449,2.77086688316094,3.39339772286889,600,2.77306627080359
0.282830948916339,1.17129425498952,1.38874007302719,600,1.1718364177131
0.556176018436879,1.24943081486443,1.46549407315421,600,1.24976557047031
0.502795429331071,2.49254498493598,3.05582564895488,600,2.49365295260314
0.223985908704962,3.36592199283767,4.16500725754748,600,3.36906987473158
0.620746527881984,3.04818878053053,3.69144931555561,600,3.04934289361317
0.263949356459813,2.51780444054912,3.02206211166728,600,2.51937184099965
0.101021642222616,3.26710088474774,4.03165422941284,600,3.27261434749766
0.346411004476517,0.306873043892176,0.367525320148359,600,0.306998708544831
0.511036263308066,1.52622793073617,1.82302356287753,600,1.52672827498317
0.486872670050625,1.05847638570818,1.25304577575225,600,1.05875896056957
0.320154770775506,0.63701101171226,0.786901230960495,600,0.637251406530133
0.178788473928426,2.90961973686566,3.55620530606381,600,2.9127052412201
0.65276184234492,0.962446369998975,1.15595715444834,600,0.962696693020935
