confidence,hypo_step,max_arm_length,nThreads,exec_time_ms
26,1,3,4,17136.0
26,1,3,4,16340.0
26,1,3,4,17277.0
26,1,3,4,17004.0
44,3,12,7,6034.0
54,2,14,6,9057.0
24,2,13,6,8106.0
64,2,8,6,7688.0
24,2,13,6,7991.0
34,2,6,5,8619.0
24,1,5,4,16538.0
14,3,12,1,32015.0
44,2,13,1,42645.0
34,1,13,6,12984.0
24,1,2,5,13766.0
54,3,7,3,11121.0
34,1,14,6,14803.0
24,1,2,5,13976.0
34,3,8,6,7530.0
24,2,7,4,10369.0
34,1,14,6,13496.0
14,2,13,1,42404.0
34,3,10,8,5669.0
44,3,5,6,4934.0
34,3,2,6,4440.0
34,2,2,6,9073.0
14,2,11,7,11406.0
54,3,9,5,7140.0
24,3,15,4,9515.0
54,1,11,7,12479.0
54,2,5,8,6016.0
44,1,7,7,11887.0
34,1,9,3,24897.0
24,1,10,1,64343.0
44,3,10,6,6405.0
44,1,11,3,24196.0
24,2,15,5,10646.0
64,2,10,2,20583.0
34,3,2,4,6438.0
54,3,2,4,6401.0
24,2,7,3,13428.0
44,3,10,7,5696.0
44,2,10,5,10068.0
14,1,3,7,10659.0
44,2,12,3,16160.0
24,2,6,6,7180.0
44,1,15,1,69501.0
34,2,15,4,12573.0
44,3,9,4,8736.0
24,3,1,3,7625.0
34,3,15,3,12877.0
44,2,16,7,10119.0
24,2,7,6,8802.0
54,2,3,8,5038.0
34,3,2,2,12247.0
54,2,14,1,42624.0
34,2,14,3,15953.0
64,2,4,7,6049.0
14,1,13,3,23687.0
14,3,2,7,6052.0
14,1,8,4,20084.0
54,2,11,5,11364.0
44,1,12,1,68852.0
54,1,15,6,14224.0
14,3,14,8,8376.0
24,3,11,5,10823.0
34,3,9,3,11240.0
64,2,5,3,12717.0
44,2,12,7,11865.0
24,3,5,6,8531.0
44,3,11,7,7551.0
64,2,5,3,12692.0
24,2,13,7,12287.0
54,1,10,8,15748.0
64,2,15,3,16836.0
24,3,14,4,10559.0
24,2,6,5,9164.0
44,2,3,7,9098.0
24,1,13,4,23551.0
64,1,13,8,17191.0
34,1,3,7,16672.0
24,2,5,4,9840.0
64,2,14,6,9504.0
14,3,9,5,7559.0
54,2,3,7,5916.0
24,1,13,4,20113.0
54,2,1,8,5139.0
34,3,15,7,9741.0
24,1,7,4,18344.0
34,3,15,7,9926.0
44,1,6,6,12882.0
14,1,8,2,33112.0
34,1,7,3,21403.0
24,2,3,1,32044.0
44,3,13,2,17135.0
64,3,12,1,32663.0
14,3,4,3,8936.0
34,1,3,6,10930.0
44,3,13,2,17424.0
54,1,2,3,19426.0
34,2,1,8,5976.0
64,1,5,6,10974.0
54,3,11,6,6645.0
24,2,11,2,21483.0
64,3,9,5,7594.0
24,1,6,3,22526.0
54,2,2,1,28125.0
54,2,11,7,9316.0
44,1,6,1,59621.0
44,3,3,5,6067.0
14,2,10,4,11810.0
54,2,4,4,10118.0
34,2,13,7,8009.0
44,1,16,6,16564.0
34,3,4,3,9084.0
24,1,15,3,26004.0
54,1,10,5,18655.0
64,2,12,4,11658.0
54,3,9,6,6256.0
44,3,6,7,5341.0
14,2,9,2,21184.0
44,1,8,3,21775.0
14,1,6,3,22681.0
24,3,13,1,31783.0
44,2,5,2,17682.0
34,2,10,6,8244.0
54,2,16,3,17574.0
14,3,10,1,28253.0
54,1,4,8,13126.0
44,1,8,2,32605.0
54,2,16,3,17233.0
14,2,12,2,20518.0
44,2,7,7,8274.0
34,1,11,5,17888.0
34,2,5,5,9004.0
34,3,12,3,12289.0
44,2,15,1,43381.0
54,2,5,5,9128.0
54,2,10,1,38481.0
14,3,6,5,7345.0
24,3,11,7,5914.0
24,1,6,5,16604.0
64,2,9,8,7145.0
14,1,16,3,25344.0
54,2,3,2,16071.0
64,2,13,6,8349.0
44,1,14,3,24879.0
54,1,16,2,37534.0
14,1,15,5,17277.0
44,2,6,4,10432.0
34,1,2,1,55413.0
54,3,5,4,8394.0
64,2,15,5,12251.0
54,2,14,5,11500.0
64,2,10,7,8225.0
54,2,13,8,9345.0
64,2,2,3,10600.0
54,3,8,7,5721.0
14,2,7,2,19932.0
34,1,16,3,27299.0
44,3,8,3,10414.0
34,3,7,8,6975.0
14,1,11,5,19233.0
34,1,14,5,17509.0
44,2,1,2,14846.0
24,3,2,3,7845.0
44,3,12,2,17177.0
14,2,6,2,18759.0
64,3,10,5,8177.0
24,2,8,2,19844.0
24,3,8,6,6719.0
44,3,4,6,5317.0
54,3,7,6,6093.0
44,3,12,3,12084.0
24,1,14,3,24856.0
34,3,11,3,12183.0
14,1,12,3,24642.0
24,2,10,6,8337.0
44,3,15,2,18215.0
34,2,16,8,11332.0
44,3,4,4,7583.0
54,3,3,8,5903.0
54,2,2,5,10025.0
54,2,13,7,7660.0
44,2,1,1,29721.0
44,1,3,3,19798.0
24,2,14,2,22867.0
14,1,13,6,19078.0
24,1,1,7,15170.0
14,2,16,5,13293.0
14,2,7,8,9296.0
24,2,7,5,12218.0
44,3,9,7,6052.0
54,1,7,6,15225.0
24,1,10,6,12224.0
44,3,4,1,23846.0
44,1,12,4,18608.0
14,2,14,7,7669.0
14,1,7,2,34549.0
54,2,3,6,6607.0
44,3,5,4,7355.0
44,1,12,3,24673.0
14,2,11,1,39060.0
34,1,13,7,15092.0
54,2,4,6,9601.0
54,2,13,6,8601.0
14,2,16,4,13229.0
14,2,8,1,36724.0
54,2,6,6,7112.0
14,2,4,5,10472.0
24,2,6,4,10874.0
14,1,15,6,14261.0
14,2,5,5,8541.0
14,3,9,7,5356.0
14,1,8,1,65762.0
44,2,12,4,11304.0
34,1,8,6,13556.0
54,2,10,7,11011.0
34,2,13,6,8517.0
44,1,12,2,37156.0
44,3,13,4,10606.0
34,2,4,8,7902.0
24,1,14,6,13941.0
44,2,6,8,5838.0
34,1,16,7,18128.0
54,2,12,4,12637.0
44,2,12,5,10287.0
34,1,9,6,12640.0
44,2,3,1,32899.0
14,3,3,4,7003.0
54,2,6,2,18206.0
44,3,7,7,5388.0
64,1,16,3,25663.0
24,2,9,6,8111.0
34,3,14,3,13311.0
24,2,15,1,42711.0
24,2,11,6,8477.0
44,2,11,7,9230.0
14,2,6,4,11510.0
14,3,14,4,9905.0
54,3,5,5,6942.0
14,3,15,4,9783.0
64,2,11,2,21337.0
34,2,8,2,20023.0
44,2,4,2,17638.0
44,1,11,4,17776.0
44,2,7,8,9076.0
64,1,10,6,18516.0
54,3,11,4,9171.0
44,2,7,8,9274.0
24,2,15,3,16308.0
54,1,6,8,10543.0
24,1,6,8,15028.0
54,1,2,8,8931.0
44,2,15,7,10361.0
54,3,2,7,4049.0
54,2,12,3,15892.0
14,2,10,3,14639.0
44,2,3,8,7153.0
64,1,13,2,36573.0
54,1,13,3,25095.0
24,2,5,8,8797.0
14,2,6,7,10281.0
34,1,11,8,14573.0
24,3,4,5,8533.0
24,3,11,8,7836.0
14,3,2,2,11113.0
44,1,7,5,15770.0
54,1,13,3,27210.0
44,3,6,8,4407.0
14,3,11,6,8482.0
24,2,1,7,6926.0
34,3,4,1,24835.0
24,2,4,7,5988.0
44,1,11,6,15097.0
64,3,3,3,9106.0
44,1,8,8,9750.0
24,1,12,5,16898.0
44,2,4,3,12855.0
64,2,4,5,8303.0
54,3,10,5,7850.0
54,2,11,6,8105.0
24,2,4,3,12209.0
44,2,8,1,39463.0
44,2,8,6,7915.0
14,3,13,5,8784.0
54,3,13,4,10073.0
44,2,6,7,9920.0
44,3,3,6,7021.0
44,2,6,5,9168.0
44,1,12,5,18009.0
34,2,14,5,10592.0
64,2,9,2,19538.0
14,1,3,2,30576.0
54,2,9,7,7661.0
34,1,2,3,20317.0
34,1,4,2,29990.0
64,2,11,5,11576.0
44,2,6,6,10202.0
64,3,15,4,10003.0
64,3,4,6,5159.0
64,2,4,6,6520.0
64,3,10,2,16843.0
34,1,16,4,20215.0
24,2,9,7,6875.0
24,1,11,3,24623.0
54,3,15,5,8854.0
24,2,12,8,9335.0
54,2,14,3,16744.0
64,3,3,8,6072.0
24,3,14,7,8437.0
14,2,15,7,7736.0
24,2,13,1,40224.0
24,3,4,4,7100.0
54,2,9,8,5971.0
14,2,8,2,20157.0
64,3,8,8,6857.0
14,2,15,1,39967.0
24,2,4,6,7180.0
14,2,13,2,20155.0
34,1,4,3,22019.0
64,3,5,2,13240.0
54,3,7,4,7753.0
54,3,2,5,6173.0
54,3,1,5,5801.0
54,1,14,5,17207.0
14,3,9,2,15031.0
64,3,9,4,8135.0
44,1,14,4,18249.0
34,2,12,1,41687.0
64,3,2,4,6967.0
24,1,5,5,14876.0
44,3,12,6,6985.0
24,2,8,3,14579.0
34,2,9,7,6911.0
44,2,6,3,12066.0
14,2,2,3,10830.0
54,1,2,4,14942.0
14,3,13,1,32074.0
24,1,15,1,69681.0
24,3,3,6,5043.0
24,2,11,8,6644.0
14,2,5,2,18236.0
24,2,11,8,6586.0
54,1,4,6,11428.0
44,2,10,6,7919.0
34,1,12,2,34846.0
54,1,3,8,8997.0
64,1,15,2,36890.0
44,2,13,2,22252.0
54,1,16,4,19716.0
44,1,15,2,36007.0
64,2,1,8,4936.0
34,3,1,1,20458.0
44,2,13,2,21996.0
44,2,3,3,11778.0
34,1,1,5,15739.0
54,2,11,8,10424.0
24,3,9,7,8044.0
64,1,5,4,19256.0
54,1,13,6,21278.0
44,3,16,4,10944.0
14,2,1,2,15005.0
64,3,2,1,21416.0
54,1,4,4,17866.0
14,1,4,7,15659.0
14,2,14,6,11788.0
54,1,1,6,13152.0
34,2,7,5,9486.0
54,1,4,4,17166.0
34,2,8,6,7113.0
34,2,7,5,10966.0
64,2,16,6,13384.0
34,3,16,8,9186.0
54,3,7,8,7013.0
54,3,5,1,23757.0
34,3,4,6,5136.0
64,2,15,4,12899.0
44,1,5,7,10220.0
34,1,7,8,10034.0
44,1,5,2,31242.0
64,1,10,1,63879.0
64,2,5,2,17292.0
34,2,12,7,7706.0
34,3,7,3,10371.0
54,1,11,3,23557.0
24,2,3,5,10531.0
44,3,3,8,6006.0
34,2,12,7,9683.0
24,2,10,7,9851.0
44,3,3,3,8967.0
64,2,7,7,10429.0
24,1,16,6,18354.0
24,2,13,2,22033.0
14,2,7,7,6705.0
14,1,3,4,16542.0
64,3,13,1,34467.0
34,3,9,7,5569.0
54,1,5,4,16266.0
64,1,8,2,31927.0
44,3,1,2,10715.0
44,3,9,6,5974.0
44,1,10,3,23389.0
64,2,14,2,22550.0
54,3,5,2,12953.0
14,2,2,6,6597.0
14,2,3,7,6001.0
24,3,2,4,6374.0
34,3,6,3,9730.0
34,1,2,2,29393.0
44,2,11,1,39749.0
24,1,3,4,16580.0
14,2,11,5,11427.0
24,3,1,2,10706.0
64,1,4,4,16011.0
34,3,12,8,8360.0
54,2,12,7,9167.0
64,3,4,3,9005.0
64,3,11,3,11199.0
44,2,2,4,8712.0
14,2,9,4,13538.0
14,1,4,6,13202.0
14,3,6,2,13827.0
14,1,9,6,13010.0
44,2,16,2,25554.0
24,2,15,8,9420.0
14,1,3,3,22793.0
14,2,4,4,9521.0
64,2,13,5,10272.0
34,3,6,2,13932.0
34,3,13,5,8024.0
64,2,8,2,18811.0
64,2,6,2,17208.0
34,1,7,2,31646.0
24,2,14,1,42395.0
44,1,5,6,12937.0
44,3,11,8,8243.0
24,2,12,2,21033.0
14,3,4,5,6885.0
54,1,1,4,15495.0
44,2,13,4,11890.0
24,3,14,6,7046.0
34,1,10,2,34666.0
24,3,11,2,16408.0
44,3,6,4,7672.0
54,2,16,5,12261.0
54,1,8,6,14165.0
24,3,11,3,11949.0
14,1,13,2,34315.0
44,1,4,6,11350.0
24,3,11,3,11745.0
54,2,10,4,11220.0
54,2,10,3,14129.0
34,3,9,1,31152.0
54,3,12,4,9396.0
34,3,6,4,7813.0
24,2,5,3,11974.0
34,2,14,6,11369.0
34,1,1,8,13403.0
14,1,14,6,21433.0
54,2,13,2,20904.0
54,2,6,4,10125.0
44,3,14,3,13312.0
54,1,2,7,9780.0
34,1,9,4,17107.0
34,2,12,5,9626.0
14,1,3,1,57838.0
54,2,10,8,6313.0
54,3,7,5,6872.0
34,3,14,1,33142.0
64,2,15,1,44795.0
14,2,9,5,9659.0
64,3,12,7,5976.0
64,1,9,3,22926.0
24,2,9,1,38136.0
54,1,3,5,13972.0
64,3,6,1,27317.0
24,1,4,7,17043.0
54,1,12,8,17311.0
54,1,12,8,10547.0
54,1,7,4,18104.0
44,3,7,3,10889.0
54,3,9,7,6019.0
44,1,15,7,13305.0
34,2,2,5,10775.0
34,2,14,8,10986.0
24,1,9,6,13172.0
34,3,6,6,8997.0
44,1,6,8,14015.0
14,3,12,7,5950.0
34,3,10,3,12903.0
54,1,4,1,58916.0
14,3,12,7,7863.0
14,3,3,3,8379.0
54,1,5,2,30831.0
34,1,4,5,16755.0
24,2,1,6,5597.0
24,2,16,5,11862.0
14,2,8,5,8968.0
34,2,15,7,11919.0
34,1,1,4,15572.0
64,1,12,6,12218.0
14,2,13,4,13632.0
44,1,4,7,12757.0
64,1,12,6,12265.0
54,2,15,7,12242.0
44,1,6,4,18743.0
64,2,5,8,8478.0
44,1,2,1,54724.0
64,2,5,8,7836.0
24,1,15,2,34701.0
14,1,10,3,26013.0
44,2,8,8,6598.0
34,1,2,6,10768.0
64,1,6,2,32185.0
44,2,8,8,6295.0
64,3,16,7,6803.0
54,1,14,2,37145.0
34,3,4,2,12841.0
14,3,14,5,8277.0
64,2,7,2,19211.0
64,2,6,8,9188.0
24,2,10,5,14288.0
54,2,16,6,13385.0
14,1,8,7,16321.0
64,2,6,8,6831.0
64,3,7,8,4415.0
44,1,1,8,8108.0
54,2,10,2,21917.0
34,3,7,4,7557.0
34,3,12,4,8674.0
44,1,14,2,35292.0
64,3,5,6,4843.0
44,2,7,3,12461.0
34,2,3,1,31151.0
54,1,5,3,20843.0
64,3,5,4,8089.0
64,2,10,8,9090.0
54,2,14,7,7756.0
54,1,14,1,70015.0
34,3,1,3,7530.0
14,2,11,2,21318.0
14,2,10,2,20342.0
44,3,13,6,8766.0
54,3,5,8,6587.0
34,2,12,2,21585.0
34,2,10,4,11143.0
44,3,2,2,11295.0
14,3,4,7,4634.0
34,2,16,2,22890.0
64,2,15,2,23744.0
24,3,9,2,14831.0
34,2,1,5,7479.0
34,2,16,2,22613.0
24,3,9,3,11126.0
34,1,4,6,13699.0
34,2,10,8,10132.0
64,3,8,2,14623.0
14,3,13,6,10006.0
24,1,14,7,18112.0
24,3,2,6,4550.0
34,1,5,1,59501.0
64,2,16,5,11050.0
24,3,8,1,28117.0
14,3,8,8,4849.0
34,2,3,3,11593.0
34,2,5,6,6883.0
34,1,5,8,13843.0
24,2,9,5,14103.0
24,2,8,1,37569.0
34,2,11,4,11700.0
54,2,8,8,6136.0
14,1,9,4,18740.0
24,2,9,2,20550.0
14,3,8,5,7158.0
54,3,14,4,9675.0
34,3,12,1,32170.0
14,2,1,6,5739.0
64,1,3,4,14999.0
34,2,15,2,22938.0
64,1,15,7,11941.0
14,2,12,1,41355.0
24,2,16,2,22252.0
24,3,10,6,9630.0
24,2,4,8,7842.0
14,1,7,5,18466.0
24,2,4,8,7744.0
14,1,7,3,25197.0
44,1,8,6,16371.0
64,3,14,7,10048.0
64,1,4,5,17338.0
44,1,8,5,18417.0
24,2,11,4,12274.0
34,3,10,6,9499.0
44,1,13,7,14911.0
24,2,8,8,7923.0
14,2,5,6,7423.0
14,2,13,7,7379.0
24,1,10,3,24018.0
44,3,14,2,18649.0
24,3,6,2,14604.0
54,2,6,5,9212.0
54,1,3,7,11253.0
24,1,3,3,21274.0
24,1,13,2,36557.0
34,2,13,2,21584.0
44,2,1,5,7461.0
44,3,11,1,31125.0
34,2,16,3,16589.0
54,2,6,3,12761.0
64,3,3,5,6114.0
14,1,11,4,18914.0
44,2,3,2,15519.0
44,3,12,4,9196.0
64,2,11,3,13966.0
34,3,10,5,7357.0
14,1,5,4,16705.0
64,2,9,7,6743.0
14,3,16,5,8468.0
24,2,1,8,4759.0
34,2,15,1,44693.0
34,1,13,5,16028.0
14,2,3,6,6593.0
44,2,3,6,6245.0
44,2,9,7,6730.0
24,1,14,1,68874.0
24,3,10,2,15588.0
54,2,3,1,31653.0
24,2,6,7,6755.0
44,2,16,3,16727.0
44,1,16,3,27085.0
44,2,1,7,5500.0
44,2,5,6,8601.0
54,2,10,6,7499.0
44,1,10,7,12595.0
24,2,2,7,5478.0
44,2,15,3,16812.0
24,1,14,1,67688.0
44,2,15,3,16111.0
34,1,14,3,25124.0
64,3,2,2,11227.0
54,2,5,1,31818.0
34,2,16,6,9386.0
24,1,6,4,18131.0
64,3,10,8,7981.0
14,3,15,7,7976.0
54,2,13,4,12802.0
44,2,7,4,10056.0
44,3,1,1,20284.0
14,2,11,6,8139.0
64,3,4,1,22951.0
44,1,11,2,32833.0
54,2,16,2,24312.0
14,1,14,5,17252.0
44,1,13,4,18997.0
34,2,2,3,11726.0
44,3,15,4,10601.0
14,1,14,5,17550.0
14,2,4,1,33016.0
24,3,12,2,16604.0
64,1,9,2,33879.0
64,3,6,4,7843.0
24,3,9,4,8201.0
14,2,15,5,11346.0
64,1,11,5,17247.0
44,3,14,1,34998.0
24,2,3,3,11642.0
64,1,5,8,14101.0
64,2,8,3,14424.0
64,2,7,3,13717.0
24,1,10,7,13990.0
14,3,12,6,9884.0
54,3,12,8,8469.0
34,1,10,3,23928.0
64,1,4,8,13840.0
24,3,4,1,24041.0
14,3,3,7,4584.0
44,3,7,4,7919.0
44,3,10,2,16639.0
44,3,7,4,7823.0
44,1,9,4,18496.0
24,1,2,4,15746.0
64,3,5,8,6738.0
54,2,2,8,7796.0
34,1,6,4,17455.0
34,2,15,8,11281.0
24,1,2,3,20328.0
24,1,11,8,16628.0
34,3,15,8,5707.0
34,3,15,5,9324.0
34,3,15,5,9254.0
64,1,11,3,23708.0
54,2,8,1,38137.0
44,1,4,3,20328.0
14,2,13,8,6670.0
54,2,4,5,8039.0
44,2,15,2,23599.0
14,3,10,3,11169.0
64,1,15,5,16812.0
34,2,15,3,15546.0
34,2,4,1,33916.0
34,2,11,3,14488.0
14,3,2,4,6623.0
34,3,13,4,9286.0
34,2,8,1,34820.0
44,1,1,3,18823.0
34,1,6,6,12057.0
44,3,4,5,6239.0
44,2,16,4,12367.0
44,1,7,1,59724.0
44,1,13,5,16876.0
44,3,9,5,7631.0
24,2,8,4,11811.0
14,1,6,1,63137.0
14,2,15,8,8461.0
44,3,5,1,25138.0
44,3,14,6,6950.0
44,3,7,2,15118.0
24,1,2,6,11963.0
44,2,16,5,12708.0
54,2,5,2,17914.0
24,1,9,7,12481.0
54,1,4,5,14989.0
54,3,8,2,16070.0
14,2,14,8,6833.0
44,2,2,2,15869.0
24,3,3,4,6817.0
44,2,4,8,5470.0
54,2,2,4,8347.0
34,3,8,2,15935.0
24,1,2,7,10495.0
24,3,10,4,8818.0
34,1,1,7,9877.0
44,3,15,3,13582.0
34,3,8,2,14599.0
34,2,6,2,18169.0
24,1,10,4,18623.0
64,1,4,1,58126.0
54,2,1,7,5406.0
44,2,2,1,29337.0
64,2,12,7,7272.0
44,2,7,5,9225.0
34,1,3,3,21994.0
54,1,2,6,10872.0
34,2,4,6,6785.0
34,1,13,3,25835.0
24,3,4,2,12708.0
34,3,11,1,30439.0
44,2,8,4,10203.0
54,3,13,2,16927.0
54,2,9,6,7488.0
44,1,7,2,32615.0
24,3,8,8,4766.0
24,2,11,1,39699.0
64,1,7,5,14476.0
44,1,3,1,56134.0
54,2,7,2,19786.0
34,3,11,6,7453.0
64,3,8,7,7753.0
24,3,10,5,8587.0
24,3,6,5,8623.0
24,3,7,3,11083.0
34,2,5,8,8605.0
44,2,2,6,10092.0
14,1,7,7,17445.0
54,2,16,4,13266.0
44,2,9,5,12775.0
64,2,6,7,8695.0
54,3,5,3,9408.0
44,3,3,4,6307.0
54,3,8,6,5963.0
44,1,1,2,28360.0
44,2,14,6,8357.0
54,3,9,2,16356.0
44,3,4,7,4741.0
54,3,10,6,6286.0
24,3,16,2,17965.0
44,3,15,7,6084.0
44,1,1,2,27101.0
44,1,6,2,31348.0
14,2,9,6,7555.0
44,2,2,3,11272.0
34,2,8,5,9259.0
24,3,9,5,7363.0
64,2,2,7,5499.0
54,3,3,7,4306.0
64,3,15,1,37285.0
44,1,5,1,56392.0
24,2,12,1,37859.0
24,1,16,7,12819.0
34,2,11,7,10341.0
34,2,11,7,11458.0
44,1,16,5,21622.0
24,1,2,2,29548.0
24,2,2,3,11718.0
24,1,15,5,17112.0
64,1,12,5,16636.0
34,1,5,3,22203.0
24,2,2,2,15634.0
64,2,5,4,9842.0
24,1,4,2,29944.0
64,1,2,4,14677.0
34,1,13,1,69846.0
54,2,16,8,11434.0
54,1,8,4,19119.0
54,3,9,4,8496.0
54,3,7,7,6929.0
44,2,8,2,19387.0
34,3,5,3,9566.0
54,1,8,4,19531.0
34,3,5,3,9839.0
44,2,10,7,8429.0
34,3,4,5,6582.0
54,1,6,2,32327.0
54,2,7,3,13392.0
64,1,6,5,15139.0
24,3,4,3,8870.0
24,2,5,6,6696.0
24,1,3,7,16570.0
24,2,11,7,11498.0
44,3,13,8,8841.0
44,3,14,7,9868.0
44,1,7,6,11359.0
44,2,16,8,7105.0
24,2,10,1,39772.0
64,2,12,6,13008.0
54,1,16,7,18049.0
14,2,13,3,15194.0
14,1,6,5,16453.0
44,1,9,5,15822.0
54,3,16,6,7929.0
34,1,5,4,17031.0
14,3,8,3,10219.0
14,3,8,6,6009.0
54,1,1,7,9065.0
24,3,15,7,6236.0
34,1,8,5,15031.0
34,2,2,1,30753.0
44,2,11,5,9559.0
34,2,14,2,21821.0
34,1,12,1,69664.0
24,2,5,2,18264.0
64,2,6,3,12684.0
24,1,12,3,24549.0
14,1,11,3,24006.0
44,3,15,1,35047.0
34,3,14,5,8626.0
34,3,7,5,7362.0
54,1,9,4,18017.0
14,2,11,4,11248.0
54,3,12,7,7621.0
54,2,13,5,11121.0
24,3,12,5,8417.0
24,1,12,4,20273.0
24,2,11,5,10716.0
34,2,4,4,9677.0
64,1,15,4,20104.0
34,2,13,4,12209.0
34,2,4,4,9871.0
44,2,9,6,7965.0
14,1,7,6,13459.0
14,3,12,3,12094.0
54,3,1,3,7734.0
54,2,15,4,13029.0
44,2,1,8,6563.0
34,1,10,5,17820.0
34,2,10,5,10542.0
44,2,14,8,10379.0
54,1,12,3,24907.0
54,3,6,3,10381.0
54,3,6,3,10186.0
54,1,6,6,19478.0
44,2,8,5,9734.0
54,1,11,8,16795.0
34,3,5,8,6596.0
34,1,7,7,11391.0
64,1,2,2,30323.0
14,2,12,3,15683.0
24,1,8,4,17706.0
64,1,11,6,13632.0
24,1,6,2,31754.0
14,1,5,6,12935.0
24,1,8,2,32858.0
14,1,9,3,24590.0
24,3,6,4,7607.0
14,3,7,4,8172.0
14,1,5,6,13207.0
34,2,4,7,9509.0
24,2,2,6,9039.0
14,2,16,2,21774.0
14,2,13,5,15248.0
54,1,7,8,15645.0
44,1,4,8,8950.0
14,2,1,7,5263.0
44,1,3,6,11581.0
24,2,10,4,12337.0
54,1,3,6,10934.0
14,2,12,7,7717.0
64,3,1,7,4074.0
34,1,4,1,60616.0
54,2,2,3,11429.0
24,2,4,2,17676.0
54,1,11,6,13974.0
24,2,15,2,22929.0
44,3,5,7,7391.0
34,3,9,5,7521.0
24,1,8,5,16736.0
44,3,11,2,16598.0
34,2,7,7,6789.0
54,1,10,4,17497.0
24,2,16,4,12497.0
24,3,10,1,30458.0
34,1,9,2,33602.0
54,3,11,7,7350.0
34,2,12,8,8972.0
44,3,8,4,9847.0
34,2,15,6,13969.0
34,2,12,8,9713.0
64,1,5,7,14128.0
44,3,8,4,9181.0
64,1,5,7,10345.0
34,3,4,4,6874.0
34,2,3,2,17075.0
44,3,6,1,24731.0
34,3,2,7,4387.0
14,3,16,2,17059.0
24,2,15,4,12447.0
34,1,5,5,14892.0
54,3,7,1,26755.0
44,2,15,5,10632.0
34,1,10,1,64199.0
44,3,9,2,15375.0
54,2,6,1,32514.0
64,3,14,5,8528.0
14,3,9,6,6576.0
44,2,12,6,8703.0
54,2,7,6,8251.0
34,3,9,4,8476.0
34,1,4,7,11366.0
34,2,4,5,8512.0
34,1,9,5,16007.0
44,3,5,2,13195.0
44,3,11,6,6324.0
14,3,1,8,4754.0
54,3,5,6,6560.0
34,3,11,8,5135.0
34,3,2,3,8329.0
14,2,5,1,34051.0
44,1,6,7,12543.0
54,1,14,7,14134.0
64,2,7,8,6583.0
24,3,7,6,5980.0
34,2,2,4,8771.0
24,3,7,6,5724.0
64,2,10,4,11090.0
64,3,2,5,5719.0
44,2,15,8,7153.0
64,1,12,3,24308.0
44,3,11,3,11545.0
54,1,13,2,34888.0
24,2,14,3,15608.0
24,2,8,7,7240.0
24,1,8,7,11713.0
64,1,9,4,19035.0
24,3,8,5,7103.0
24,1,15,4,20065.0
44,2,14,5,10862.0
34,1,6,3,21705.0
34,1,13,2,34925.0
24,3,13,4,9300.0
44,1,1,7,9766.0
34,1,2,7,9720.0
14,2,2,4,8984.0
34,2,3,4,8972.0
14,3,4,4,6919.0
24,3,12,1,32362.0
14,3,7,7,5055.0
34,1,14,7,12128.0
34,2,11,6,8043.0
54,1,14,6,13485.0
34,3,11,2,17206.0
34,2,11,6,8035.0
54,3,10,7,5452.0
14,2,15,6,8636.0
44,2,9,3,14156.0
64,1,16,7,12041.0
14,2,2,1,31435.0
64,1,13,4,19084.0
24,1,11,5,16426.0
54,2,5,6,6911.0
24,2,12,4,11883.0
64,1,16,2,37220.0
14,3,14,3,12353.0
24,2,13,5,10407.0
24,3,14,2,17293.0
54,1,9,3,23935.0
44,1,3,8,9007.0
44,2,9,4,11091.0
14,3,6,4,7814.0
34,3,3,5,5934.0
14,3,7,3,10315.0
34,1,15,5,16685.0
34,1,15,5,16471.0
64,3,10,1,30204.0
24,3,5,8,4456.0
64,1,13,1,66396.0
44,1,7,4,17377.0
54,1,5,8,8975.0
34,2,8,3,13656.0
34,1,14,2,35553.0
34,3,13,7,5804.0
64,2,6,1,33537.0
34,1,10,7,11039.0
64,2,12,5,9868.0
64,2,12,5,9641.0
24,1,12,2,35173.0
34,1,11,2,35125.0
34,1,4,8,9048.0
34,2,7,4,10450.0
24,3,3,3,9009.0
44,2,13,5,10318.0
24,3,3,3,8976.0
44,3,12,5,7709.0
64,2,4,3,12113.0
34,2,7,1,36295.0
34,1,4,4,15892.0
34,3,7,1,26563.0
24,3,16,6,7373.0
44,3,1,3,8250.0
44,1,10,8,10368.0
64,3,1,6,4811.0
54,2,10,5,10008.0
54,2,9,5,9512.0
24,3,3,5,6189.0
54,1,11,5,16404.0
34,2,1,1,26737.0
14,2,8,7,6593.0
14,3,5,3,9274.0
54,3,16,1,35880.0
44,2,9,1,37452.0
14,3,12,2,15287.0
64,2,6,6,7029.0
54,3,10,2,15936.0
14,2,12,4,11531.0
34,2,9,6,7897.0
54,2,8,6,7895.0
64,2,9,5,9331.0
24,1,16,4,19897.0
14,3,14,2,16682.0
24,1,3,5,14440.0
34,1,16,2,36887.0
44,3,14,4,9651.0
24,2,16,6,9285.0
24,1,8,6,12783.0
54,2,6,7,6869.0
44,3,5,3,9707.0
54,3,4,3,9238.0
44,3,3,2,12199.0
64,2,16,3,16376.0
64,1,16,5,17341.0
44,2,5,1,33661.0
44,1,4,4,15780.0
54,3,14,2,18157.0
34,1,7,6,12619.0
14,1,16,5,17401.0
64,2,7,4,10074.0
14,2,10,7,7046.0
14,1,2,5,14078.0
34,3,15,2,18676.0
24,3,6,7,4999.0
54,3,6,5,6648.0
64,3,2,6,4546.0
64,3,2,6,4546.0
64,3,9,2,15249.0
34,3,2,5,5860.0
34,2,11,2,21547.0
24,1,6,6,12387.0
44,2,4,7,6080.0
64,3,11,6,6689.0
64,3,13,4,10246.0
44,2,13,7,8094.0
44,1,5,8,9176.0
54,3,3,3,8255.0
54,1,9,7,10872.0
14,1,6,2,33679.0
54,3,4,4,7329.0
24,1,4,8,10531.0
44,2,4,6,6559.0
24,2,6,3,13214.0
24,2,15,7,7881.0
14,3,15,1,32784.0
34,2,16,5,10747.0
14,1,2,3,20758.0
34,1,15,6,13754.0
14,2,5,4,9957.0
24,2,7,2,19997.0
54,2,8,5,9212.0
64,3,11,8,6415.0
34,3,14,8,6806.0
54,2,8,2,19389.0
34,1,12,6,13219.0
54,2,8,2,19312.0
44,1,10,2,34783.0
44,1,7,3,21642.0
64,3,8,4,8086.0
24,2,7,8,5950.0
34,3,11,5,7832.0
14,1,10,4,18400.0
54,1,14,3,26054.0
64,3,4,4,7002.0
34,1,15,3,25775.0
64,3,4,5,6184.0
14,1,10,4,18700.0
64,3,13,3,12409.0
24,2,3,6,6526.0
34,1,15,3,25643.0
54,1,5,5,15377.0
14,3,12,4,9567.0
44,1,4,5,15071.0
24,3,13,6,6709.0
14,2,14,5,10370.0
44,1,14,7,12135.0
44,2,11,8,6488.0
24,1,13,6,13534.0
44,2,7,1,36425.0
24,3,10,8,4930.0
44,1,15,3,25869.0
34,2,1,4,8396.0
44,2,4,1,32300.0
54,3,15,6,7340.0
24,1,6,7,11190.0
24,2,12,7,7543.0
14,2,14,1,41812.0
24,1,15,7,12717.0
14,1,12,6,13545.0
14,2,14,3,15199.0
44,1,9,8,10307.0
14,2,7,3,13289.0
24,3,16,8,5863.0
54,3,6,6,5600.0
14,2,7,3,13258.0
34,1,6,5,14945.0
64,3,6,6,5305.0
64,3,6,3,9454.0
54,2,9,4,10581.0
24,3,2,1,21520.0
64,2,2,8,4984.0
64,2,5,6,7297.0
44,2,12,2,21567.0
64,2,12,8,6977.0
54,1,3,3,21173.0
54,1,9,5,15573.0
14,2,5,7,6027.0
24,3,14,8,5145.0
64,2,3,6,6164.0
44,3,15,5,8219.0
44,3,13,1,33150.0
24,2,5,1,33753.0
14,2,6,6,7163.0
14,2,12,8,6385.0
34,2,13,3,15639.0
34,3,12,5,7753.0
34,2,1,6,5781.0
44,3,13,1,34039.0
64,1,12,8,10492.0
24,3,15,6,7773.0
24,2,6,8,5916.0
44,1,13,3,25165.0
54,2,3,5,8058.0
44,2,11,4,11442.0
64,1,15,6,13939.0
24,1,4,3,22003.0
24,1,14,2,36113.0
34,2,7,3,13419.0
44,2,2,5,7762.0
44,3,13,5,8287.0
34,2,5,4,9763.0
24,1,4,3,22121.0
24,3,5,4,7747.0
54,2,5,3,12509.0
34,3,5,4,7024.0
14,3,5,7,4934.0
14,2,9,7,6900.0
44,2,11,2,21903.0
14,3,10,4,8564.0
44,1,2,4,15136.0
54,3,4,2,12727.0
34,1,6,8,9421.0
64,2,15,6,8980.0
64,3,1,5,5466.0
34,2,10,1,39686.0
44,1,11,7,11307.0
54,3,9,1,27844.0
24,1,7,7,11080.0
54,1,12,4,18708.0
44,2,9,2,19832.0
14,1,8,5,15410.0
44,3,2,7,4107.0
44,2,10,3,14245.0
44,1,10,1,62741.0
34,1,5,6,11610.0
54,2,4,2,16864.0
54,1,3,4,15487.0
54,1,15,3,25951.0
54,2,7,7,6705.0
44,2,8,3,14093.0
54,3,6,4,7623.0
34,3,1,7,4120.0
34,3,9,8,4874.0
34,2,12,4,11648.0
34,2,3,5,8354.0
44,3,2,1,22562.0
24,3,14,5,8311.0
24,3,13,5,8398.0
64,2,10,3,14827.0
64,1,13,7,12561.0
34,3,10,4,8886.0
34,2,3,8,5336.0
44,3,7,5,6820.0
64,2,13,2,22333.0
54,2,9,3,14119.0
54,1,4,3,21116.0
24,2,11,3,14533.0
64,2,13,2,22134.0
24,1,2,8,9424.0
54,1,5,6,11979.0
24,2,12,6,8913.0
54,2,6,8,5585.0
64,2,9,4,10606.0
54,3,14,3,12617.0
44,3,4,2,12488.0
34,3,15,6,7300.0
54,1,4,7,10457.0
44,3,8,8,4826.0
54,2,3,4,9221.0
64,3,3,4,6564.0
64,3,3,4,6520.0
14,1,2,6,11246.0
24,1,2,1,57060.0
44,3,6,3,9888.0
24,2,8,5,9920.0
34,1,11,7,13035.0
14,3,5,5,6624.0
24,3,12,7,5890.0
44,1,15,5,17568.0
24,2,2,1,30064.0
44,2,3,5,7862.0
34,2,4,3,12449.0
54,2,13,3,15624.0
24,1,4,6,11530.0
14,3,2,3,8423.0
54,2,12,2,21550.0
44,3,8,6,6017.0
34,3,11,4,9052.0
54,3,4,5,6364.0
14,2,3,5,8603.0
14,1,16,6,14490.0
14,2,14,2,22045.0
34,2,14,7,7896.0
64,2,14,4,12199.0
64,2,7,5,8888.0
34,2,9,3,14359.0
34,1,2,4,15819.0
44,3,1,5,5501.0
54,2,2,6,6606.0
54,3,2,6,5129.0
64,2,9,6,8214.0
54,3,12,6,6858.0
64,3,9,3,10873.0
34,2,6,6,7432.0
34,2,6,4,10287.0
34,2,14,4,12348.0
34,2,6,4,10214.0
54,2,8,3,14324.0
24,3,11,4,8929.0
64,2,3,4,8970.0
44,3,2,3,8287.0
44,2,4,5,8462.0
44,3,2,3,8486.0
54,3,10,4,8810.0
54,1,15,5,16908.0
54,3,7,2,14220.0
64,3,14,3,12471.0
34,3,14,4,9321.0
64,2,15,8,6815.0
54,2,12,1,39836.0
54,3,12,1,32143.0
44,1,14,8,11231.0
34,1,2,5,13908.0
54,1,3,2,30072.0
34,1,15,4,19060.0
54,2,7,1,34484.0
34,1,15,4,19158.0
54,3,12,2,17031.0
24,1,13,5,16036.0
64,1,11,8,9735.0
14,1,14,1,68318.0
34,3,3,2,11889.0
44,3,15,6,6958.0
54,3,11,3,11470.0
54,2,7,4,10031.0
14,3,9,4,8301.0
64,3,10,7,6857.0
34,3,2,8,4378.0
64,1,3,7,9960.0
44,2,15,4,12832.0
64,2,11,4,11184.0
54,1,6,4,16546.0
64,3,6,8,4213.0
54,2,14,4,11887.0
44,1,13,2,35237.0
24,1,13,1,66410.0
44,1,8,7,10942.0
54,1,6,3,22224.0
54,1,12,5,16062.0
24,3,6,1,25020.0
24,1,3,2,30492.0
54,2,9,2,19564.0
34,2,2,8,4993.0
24,3,15,8,5537.0
34,2,9,4,11028.0
54,1,10,2,33590.0
54,2,7,5,8912.0
64,3,8,6,5816.0
24,1,1,2,27124.0
34,1,5,2,31282.0
24,2,7,1,33671.0
34,2,10,3,14215.0
34,3,1,5,5655.0
34,1,9,7,11801.0
54,1,13,5,17261.0
44,1,15,6,14203.0
54,1,13,5,16996.0
44,1,3,5,13981.0
44,2,11,3,15539.0
64,2,12,2,21838.0
54,3,13,5,7978.0
14,3,1,4,5828.0
24,1,15,6,13239.0
64,3,5,1,23882.0
64,2,2,4,8283.0
34,2,11,1,40259.0
24,2,7,7,6624.0
34,1,6,2,31539.0
24,3,3,8,4061.0
54,1,15,2,36344.0
34,2,6,3,12925.0
54,3,13,1,33316.0
44,1,13,6,14650.0
64,2,5,7,7550.0
54,3,14,5,8346.0
14,3,15,2,17552.0
54,3,14,5,8438.0
24,1,7,2,32449.0
14,3,6,3,9655.0
64,2,1,4,8173.0
14,3,15,2,17205.0
64,1,13,3,24042.0
34,3,10,2,15513.0
34,1,8,2,32701.0
34,2,14,1,40086.0
44,3,11,4,9235.0
64,1,10,5,15975.0
44,3,14,5,8605.0
24,2,16,3,16826.0
34,3,7,6,6837.0
14,3,8,7,7052.0
54,3,9,8,6320.0
54,2,4,7,6443.0
44,1,5,3,21780.0
64,1,2,5,13509.0
14,2,8,6,7532.0
54,2,1,5,7254.0
24,3,7,8,4741.0
24,2,2,4,8773.0
54,1,11,2,35787.0
54,2,5,4,10211.0
64,2,15,7,8353.0
14,1,13,4,19335.0
24,2,8,6,8067.0
54,2,2,7,5574.0
14,3,7,2,14939.0
34,3,13,3,12033.0
14,2,14,4,11863.0
54,1,10,6,12799.0
14,3,7,2,15129.0
64,2,11,6,7982.0
24,2,5,7,8086.0
64,2,13,8,10168.0
14,1,5,7,13742.0
54,1,13,7,11938.0
34,3,8,3,10772.0
24,2,12,3,15496.0
54,2,15,5,10878.0
44,2,14,4,12296.0
54,3,3,5,6326.0
24,3,2,7,4457.0
64,3,11,5,7978.0
34,3,9,6,6093.0
14,2,3,2,17738.0
34,3,3,7,4649.0
14,3,3,6,4899.0
44,3,16,3,12992.0
34,3,6,7,4942.0
14,3,11,2,16057.0
34,2,6,7,6337.0
24,3,7,1,27173.0
24,1,5,7,11031.0
54,3,3,2,12996.0
24,1,5,7,10819.0
24,3,7,1,26035.0
64,3,6,5,6714.0
24,2,13,4,11792.0
64,3,15,2,18135.0
34,2,6,1,33840.0
34,1,7,5,15497.0
64,2,14,3,15795.0
44,2,10,2,20554.0
24,1,5,2,30671.0
64,2,14,3,15712.0
24,3,6,6,6617.0
34,2,8,8,8139.0
34,2,4,2,17504.0
44,1,3,7,10726.0
34,1,11,6,13389.0
54,1,8,3,22214.0
64,2,2,5,7603.0
64,2,10,1,39557.0
54,2,15,3,15962.0
14,1,1,1,50134.0
14,2,8,4,10829.0
64,3,9,6,5958.0
64,3,15,3,12955.0
34,3,8,1,27833.0
24,2,4,1,31525.0
64,3,16,3,13203.0
24,3,1,7,4038.0
24,3,12,6,6833.0
44,2,5,4,10419.0
64,2,14,8,7038.0
34,3,13,6,7036.0
24,3,4,7,4558.0
14,2,7,4,10807.0
34,2,12,6,8707.0
34,2,15,5,11169.0
24,3,7,5,7045.0
24,2,2,5,7832.0
14,3,1,6,4744.0
14,3,1,6,4615.0
44,1,14,6,14395.0
44,3,8,7,5530.0
54,2,16,1,44077.0
34,1,3,4,15532.0
64,3,3,7,4411.0
64,3,12,2,16949.0
64,3,8,5,6990.0
14,3,8,1,28188.0
54,3,6,7,5683.0
54,3,3,6,5272.0
24,3,10,7,5623.0
24,3,15,3,12401.0
64,1,3,3,19536.0
14,3,8,1,28691.0
34,3,8,7,5785.0
34,2,5,2,18464.0
34,2,11,5,10625.0
54,2,3,3,11962.0
34,2,11,8,6430.0
14,2,4,3,12668.0
44,1,5,7,10247.0
34,2,15,3,15901.0
34,2,3,4,8668.0
54,1,14,5,16356.0
54,3,2,4,6056.0
64,3,2,2,11089.0
14,1,16,1,65890.0
24,1,4,3,21347.0
44,1,14,1,68961.0
64,2,8,4,10186.0
14,3,12,6,6424.0
24,2,9,4,10918.0
14,1,10,2,34665.0
64,2,8,3,13653.0
44,1,15,4,19504.0
54,2,12,6,8261.0
34,1,9,3,22826.0
14,2,8,2,18967.0
14,3,2,6,4875.0
54,1,5,2,31501.0
14,2,4,5,8601.0
14,2,8,2,19097.0
24,1,11,7,11605.0
34,2,2,1,28193.0
54,2,4,8,5383.0
24,1,13,2,35372.0
44,3,15,6,7367.0
34,1,2,1,55381.0
54,2,5,3,12512.0
24,2,9,5,9566.0
14,2,12,3,14977.0
54,2,6,2,17753.0
34,3,8,1,27445.0
24,3,7,1,26631.0
54,2,6,2,17939.0
54,1,3,4,15884.0
34,1,3,2,29981.0
14,1,8,4,17958.0
14,3,11,7,7559.0
14,2,10,8,8252.0
24,3,4,4,7085.0
44,3,6,5,6750.0
14,3,2,2,11801.0
54,2,12,3,15536.0
44,1,14,8,10987.0
34,1,13,6,14080.0
44,1,2,3,20318.0
64,2,6,5,8971.0
44,1,8,5,15553.0
64,2,7,2,19008.0
14,3,15,7,7189.0
64,2,16,7,8664.0
44,2,6,8,7155.0
44,1,11,8,10350.0
24,2,9,8,7084.0
24,2,6,4,11295.0
54,2,9,8,9457.0
14,1,14,6,14150.0
64,3,16,3,13587.0
64,3,16,8,7973.0
14,1,13,7,13365.0
24,2,12,1,40162.0
34,3,5,5,6464.0
54,3,1,7,3873.0
34,3,4,2,12914.0
54,3,1,2,10792.0
14,3,16,5,8371.0
44,3,8,3,10909.0
24,3,6,4,7790.0
34,2,10,7,7041.0
64,3,10,5,7795.0
34,3,3,2,12429.0
14,2,12,6,8417.0
64,3,12,3,12514.0
64,1,3,3,20172.0
64,2,8,7,6566.0
34,3,10,8,4839.0
24,2,11,7,6998.0
44,3,14,1,33480.0
14,2,15,7,7526.0
44,2,8,6,7753.0
14,2,3,6,6624.0
24,1,3,1,56014.0
44,3,13,4,9377.0
24,1,16,4,19752.0
54,1,2,4,15183.0
54,2,10,2,20122.0
54,1,8,1,60830.0
54,2,11,3,14930.0
44,3,16,8,6685.0
24,2,1,3,10566.0
14,1,3,2,31513.0
44,2,2,4,8697.0
54,1,7,3,21895.0
44,2,9,7,7297.0
44,2,9,5,9925.0
24,2,16,5,11169.0
14,2,13,6,8680.0
64,1,8,5,14518.0
34,3,2,1,20858.0
64,2,2,6,6034.0
54,3,11,6,6431.0
54,1,2,5,13873.0
34,2,5,1,34440.0
64,2,11,5,9773.0
34,3,7,4,7971.0
44,1,3,5,14206.0
24,1,15,3,25035.0
44,2,1,6,5789.0
44,2,13,1,42547.0
14,2,15,1,39678.0
44,1,6,5,14525.0
34,2,11,5,10272.0
14,2,10,3,14386.0
54,2,2,3,10949.0
54,2,4,7,6094.0
14,3,15,2,17465.0
44,2,4,4,9268.0
24,3,1,6,4343.0
24,3,6,7,5301.0
14,2,10,2,20727.0
24,3,2,1,20902.0
54,3,5,8,4166.0
24,2,14,2,21873.0
64,3,5,7,4965.0
24,3,16,6,7354.0
54,3,8,4,8290.0
24,3,8,7,5205.0
34,1,9,1,60740.0
44,2,4,3,11860.0
64,1,10,6,12577.0
24,2,12,8,6402.0
54,2,1,5,7384.0
14,3,9,1,28796.0
64,1,7,2,30774.0
44,1,15,6,13861.0
64,1,9,6,12298.0
64,2,5,2,18177.0
44,2,5,7,6276.0
44,3,11,3,11730.0
34,2,13,8,6955.0
44,2,13,3,15500.0
24,3,11,3,11947.0
24,3,11,3,11758.0
44,1,11,4,18295.0
34,2,1,4,8837.0
14,2,15,8,7409.0
14,1,4,2,31348.0
64,2,9,5,9299.0
44,3,10,4,8743.0
64,2,9,5,9928.0
44,3,8,6,6328.0
14,2,1,6,5706.0
44,2,5,5,8473.0
34,2,6,2,18555.0
64,2,8,5,9441.0
64,1,5,5,14746.0
54,2,9,6,7912.0
64,2,13,7,7703.0
34,3,9,3,11267.0
34,3,2,7,4878.0
14,1,15,7,12864.0
54,1,2,1,52817.0
64,2,12,4,11642.0
44,2,13,8,6836.0
34,2,15,7,7834.0
64,2,7,3,13190.0
44,2,11,8,6381.0
54,2,1,4,8189.0
54,1,2,7,9523.0
54,1,3,5,14259.0
44,1,16,5,16842.0
34,2,3,5,7821.0
24,2,11,3,15107.0
34,1,5,1,61448.0
24,2,11,3,14545.0
44,2,2,2,15767.0
34,1,1,2,27272.0
44,1,12,7,11486.0
34,3,2,4,6173.0
44,3,8,1,27479.0
64,3,3,4,6679.0
54,3,6,3,9838.0
24,2,3,6,6444.0
24,2,8,1,37482.0
54,1,4,2,29438.0
64,2,16,2,23642.0
34,2,4,8,5581.0
54,3,5,7,4752.0
54,3,5,7,4895.0
54,1,5,6,11903.0
64,3,11,6,6308.0
34,2,7,6,7405.0
34,3,10,6,6256.0
24,2,8,6,7550.0
14,1,10,8,10584.0
54,1,10,1,65170.0
54,3,15,2,18530.0
14,2,3,1,29768.0
64,3,11,1,31216.0
54,2,11,7,7229.0
54,1,2,2,28421.0
24,3,3,4,7015.0
24,2,5,7,6497.0
24,3,14,3,12364.0
14,2,16,5,11070.0
54,1,15,6,13930.0
24,1,8,8,10470.0
44,3,14,4,10737.0
44,3,4,8,4862.0
64,2,12,7,7684.0
64,3,7,6,5623.0
54,2,9,4,11385.0
24,1,12,5,17280.0
44,2,16,4,13053.0
54,3,8,3,10385.0
34,3,2,2,11626.0
64,1,9,4,17659.0
54,2,7,6,7477.0
54,3,4,8,4860.0
54,2,10,5,10098.0
54,3,10,6,6352.0
54,3,16,6,9141.0
24,2,8,7,8476.0
34,3,6,8,4750.0
54,2,4,3,11917.0
54,2,1,1,26659.0
54,3,12,3,11848.0
54,1,4,4,15884.0
54,3,12,3,11924.0
64,2,9,3,13777.0
54,1,4,1,57349.0
44,3,11,4,8892.0
64,2,4,4,9082.0
34,2,3,1,30062.0
14,2,2,8,5255.0
44,1,2,7,9938.0
44,2,16,7,8196.0
34,3,14,2,18690.0
14,2,4,8,5436.0
34,2,3,2,16908.0
54,1,8,7,10751.0
34,3,14,2,17806.0
34,3,1,5,5895.0
44,2,7,2,19603.0
14,1,7,6,12205.0
14,2,8,1,35427.0
64,1,2,3,19145.0
24,3,8,6,5762.0
34,3,9,5,7237.0
54,2,11,5,9893.0
24,1,9,2,34553.0
34,3,9,5,7456.0
54,2,6,5,8704.0
54,2,7,3,13210.0
14,1,7,3,23429.0
44,1,16,3,25260.0
14,3,11,2,15865.0
54,1,16,3,26065.0
44,1,15,3,25987.0
24,2,14,6,9122.0
24,3,13,7,6442.0
44,2,7,3,13321.0
34,3,1,4,5852.0
54,3,13,1,32315.0
24,2,12,4,11360.0
24,3,2,4,6604.0
44,3,14,3,12433.0
44,2,7,8,5949.0
14,1,15,4,20025.0
54,3,14,7,6237.0
24,2,15,4,12271.0
64,2,5,3,11715.0
14,1,12,1,67150.0
14,3,5,5,7324.0
54,1,12,4,19402.0
44,3,1,7,4279.0
24,1,13,5,17589.0
64,2,14,4,11951.0
44,2,8,3,13633.0
34,3,1,7,4060.0
34,1,10,6,13034.0
54,2,3,4,8835.0
14,2,10,1,38972.0
64,3,12,2,16871.0
54,1,10,4,17814.0
44,2,13,6,8332.0
24,1,11,6,13354.0
14,2,12,7,7496.0
24,3,5,5,6455.0
34,2,8,5,9273.0
24,2,10,6,7812.0
14,2,10,1,38926.0
14,2,5,6,6999.0
14,2,2,3,11222.0
54,2,15,4,12221.0
64,2,9,2,19564.0
54,3,6,4,7309.0
44,2,4,7,6145.0
14,1,5,5,15375.0
14,3,3,6,4808.0
44,1,11,1,66342.0
44,1,9,7,11513.0
54,1,3,7,10537.0
24,2,2,7,5671.0
34,2,12,5,10824.0
54,1,6,6,12723.0
44,2,6,4,10240.0
54,3,3,1,22166.0
64,1,15,6,13987.0
44,3,15,7,6847.0
54,2,3,5,8270.0
14,3,4,6,5420.0
24,1,16,5,17775.0
14,3,4,6,5287.0
44,3,12,4,9536.0
24,3,14,7,6070.0
44,1,13,4,19166.0
24,1,1,2,27168.0
34,2,9,2,20070.0
24,2,7,8,7444.0
34,3,16,6,8896.0
34,3,14,6,7067.0
34,3,14,6,7025.0
44,1,16,4,20263.0
34,2,16,4,12314.0
34,2,1,8,4691.0
34,2,8,6,7370.0
24,1,4,1,57069.0
64,1,1,2,27352.0
54,2,12,8,6701.0
14,1,11,5,16668.0
64,1,5,4,16027.0
54,2,16,2,23472.0
54,2,13,7,7274.0
44,2,14,8,6541.0
34,1,4,1,56808.0
24,1,4,5,14215.0
24,3,6,1,26901.0
14,3,8,3,10544.0
14,3,14,4,9353.0
44,2,3,5,8050.0
44,1,15,2,35570.0
34,3,6,6,5482.0
24,1,6,1,60697.0
54,2,15,6,8845.0
54,2,6,7,6180.0
54,1,14,1,67105.0
14,2,3,4,9275.0
54,1,11,8,10075.0
54,3,3,2,12075.0
54,3,8,6,5754.0
24,2,13,7,7236.0
54,3,3,2,12168.0
34,1,2,7,9401.0
34,2,2,7,5751.0
24,1,6,1,63124.0
54,1,11,4,18456.0
54,2,1,3,10941.0
64,2,8,8,6053.0
24,3,9,4,8687.0
44,3,10,5,7840.0
24,3,9,7,5522.0
64,2,2,5,8486.0
64,2,15,8,7778.0
64,2,2,5,8008.0
64,1,4,5,14382.0
64,3,7,7,5854.0
64,2,13,3,16637.0
34,3,12,7,5928.0
64,1,4,5,14718.0
64,2,5,4,9430.0
34,1,4,6,11450.0
14,2,3,2,17845.0
54,3,2,8,3827.0
44,2,15,4,12410.0
54,2,13,3,15416.0
54,2,7,1,35635.0
64,1,8,3,22324.0
54,3,7,8,4635.0
64,1,3,5,13711.0
14,2,5,2,17954.0
64,3,6,3,9607.0
54,2,8,5,9219.0
44,1,12,6,13090.0
54,1,3,1,56744.0
54,1,16,7,12904.0
64,2,5,7,6998.0
14,1,10,7,11457.0
24,1,7,8,9357.0
64,2,8,1,37044.0
24,1,9,1,61824.0
14,1,10,3,24142.0
64,2,8,1,35800.0
44,1,3,1,54645.0
54,2,11,6,7791.0
34,3,9,2,15285.0
14,2,9,3,13907.0
24,3,10,1,30281.0
64,1,6,3,21577.0
54,1,7,8,9888.0
24,2,2,8,5230.0
54,3,2,7,4385.0
64,3,8,1,28459.0
24,1,13,3,26028.0
44,3,4,5,6152.0
14,2,8,7,7026.0
44,3,4,5,6378.0
24,2,11,2,21397.0
24,1,15,4,18935.0
24,3,1,5,5101.0
44,3,14,2,17414.0
64,2,16,1,45180.0
34,2,2,8,4977.0
54,2,15,1,42607.0
34,2,16,3,16431.0
64,2,2,1,29301.0
44,1,12,2,34941.0
34,2,11,4,11838.0
24,3,10,8,5730.0
24,3,10,7,6310.0
34,2,15,8,7975.0
24,3,10,7,5796.0
24,2,6,6,7164.0
44,2,9,4,10696.0
54,3,4,6,4976.0
34,1,7,2,32278.0
64,2,6,2,17762.0
44,3,15,1,33646.0
64,2,10,7,7665.0
44,2,14,7,8022.0
64,1,16,6,14332.0
34,1,14,7,12358.0
54,2,12,1,42263.0
44,2,5,8,5558.0
64,2,11,2,20997.0
14,1,16,3,26216.0
44,1,11,3,23842.0
54,2,11,8,6476.0
44,1,7,3,22573.0
14,3,7,7,5174.0
34,2,5,2,18719.0
14,2,11,7,8094.0
54,2,14,4,12241.0
44,2,15,6,9787.0
54,3,9,6,5978.0
64,2,1,2,15228.0
14,1,3,3,20921.0
54,1,13,2,35118.0
24,1,2,4,15175.0
24,2,4,7,6004.0
34,3,9,1,29305.0
14,2,13,7,7276.0
44,3,7,1,26335.0
14,3,15,6,6760.0
64,3,12,7,5828.0
24,3,5,2,13478.0
64,3,2,3,8035.0
44,3,16,1,36022.0
44,1,3,2,28707.0
14,2,12,1,39804.0
34,1,8,4,17824.0
14,3,5,3,9563.0
64,2,3,4,9055.0
34,1,1,3,19247.0
54,2,10,3,14369.0
14,2,7,5,8857.0
24,2,7,5,8822.0
34,3,10,7,5484.0
24,1,7,1,63440.0
34,3,2,6,4696.0
44,3,2,4,6336.0
24,2,11,4,11320.0
64,2,14,1,42417.0
24,1,4,8,9379.0
14,2,11,4,11534.0
54,3,5,6,5774.0
34,2,1,6,6540.0
14,1,16,7,13369.0
54,2,14,8,7416.0
24,3,16,4,10353.0
34,1,6,7,10753.0
24,2,8,8,6226.0
24,2,3,5,8409.0
34,1,9,2,33985.0
34,3,15,5,8649.0
14,2,8,6,7750.0
64,1,13,3,25530.0
44,3,9,3,10735.0
34,1,9,2,33430.0
14,2,7,2,19272.0
34,1,13,7,11866.0
14,1,9,2,33500.0
24,1,7,7,10926.0
14,2,7,2,20542.0
34,2,8,7,6821.0
34,3,5,6,5311.0
44,1,6,3,21722.0
54,2,15,2,22912.0
54,3,15,7,6226.0
54,3,10,2,15953.0
34,3,10,4,8529.0
54,2,13,1,42069.0
64,1,12,7,11912.0
54,2,8,3,13800.0
64,1,3,4,15982.0
54,3,12,4,9696.0
44,1,2,6,11656.0
24,2,15,5,10718.0
64,1,3,4,15578.0
24,2,8,3,13355.0
34,3,15,1,32393.0
64,1,3,2,28653.0
14,2,14,2,21213.0
14,3,10,3,10950.0
54,2,1,2,15455.0
24,1,14,7,12711.0
44,3,12,5,8289.0
34,1,9,4,18255.0
54,3,2,3,8168.0
44,1,8,6,12230.0
34,3,15,2,18601.0
34,1,10,3,24938.0
54,3,13,5,8668.0
24,1,15,7,13941.0
54,3,1,6,4603.0
54,2,4,5,8259.0
24,2,5,4,10036.0
54,2,3,7,5931.0
34,1,10,5,16719.0
64,2,16,6,9254.0
64,2,16,6,9111.0
24,1,11,5,16820.0
44,2,2,8,5152.0
54,2,2,6,6332.0
64,1,12,2,35794.0
64,3,15,4,10071.0
44,3,2,1,20251.0
34,1,14,2,36021.0
64,1,12,2,33557.0
14,2,2,4,9034.0
24,2,10,7,7407.0
64,2,10,5,9820.0
14,2,14,5,10698.0
34,3,14,7,6034.0
44,2,9,2,19428.0
24,3,3,2,11852.0
34,1,2,2,27568.0
34,2,13,1,42147.0
14,2,14,6,8488.0
64,2,10,2,20086.0
14,3,12,2,16540.0
64,2,16,5,11006.0
24,3,3,3,8778.0
24,3,7,8,4675.0
34,1,13,5,17271.0
54,3,14,2,17684.0
44,1,6,2,32070.0
64,3,3,1,22367.0
44,2,4,6,6809.0
54,2,5,7,6329.0
34,2,7,8,6075.0
14,2,13,4,12523.0
24,2,10,8,7077.0
24,3,12,5,8686.0
54,1,10,6,13157.0
24,1,4,6,12169.0
24,3,11,7,5922.0
34,2,5,3,13626.0
44,3,12,6,6860.0
64,1,9,7,11907.0
34,1,14,6,14069.0
34,3,3,7,4503.0
34,2,15,2,23223.0
44,2,13,5,10953.0
24,1,10,7,12113.0
64,2,11,4,11435.0
14,3,3,1,21836.0
54,3,11,1,30739.0
24,1,12,8,11013.0
24,3,9,5,7543.0
54,2,11,1,38986.0
44,3,11,5,8044.0
54,2,15,8,7198.0
64,3,8,2,15738.0
64,2,15,7,8006.0
14,1,14,4,19542.0
64,3,5,3,8924.0
14,1,8,2,33558.0
54,1,8,5,15418.0
34,1,13,2,36509.0
14,2,13,2,20769.0
34,2,9,4,10660.0
34,2,4,6,6852.0
24,3,6,8,4430.0
64,1,11,4,18601.0
14,2,9,2,20168.0
24,2,15,6,8859.0
44,3,13,8,5527.0
14,3,4,4,7350.0
44,3,11,7,5638.0
54,2,11,2,20218.0
34,1,6,8,9336.0
64,2,3,1,30513.0
44,3,11,6,6265.0
44,3,13,2,17317.0
44,1,7,8,9072.0
64,1,2,8,8168.0
54,1,9,1,63382.0
44,3,1,3,7569.0
44,3,16,2,18825.0
44,3,9,5,7291.0
24,3,6,3,10133.0
24,1,6,5,15624.0
44,2,2,1,29806.0
24,1,6,5,15731.0
34,3,16,5,9404.0
14,3,2,7,4280.0
64,3,13,2,18403.0
34,1,8,8,9831.0
14,2,11,3,14281.0
34,3,6,3,9834.0
34,3,8,3,10542.0
24,3,14,6,7085.0
34,1,2,4,15369.0
24,1,15,5,17080.0
34,1,2,4,15346.0
24,2,11,6,8210.0
54,1,6,5,14661.0
64,2,14,5,10559.0
24,1,12,2,36960.0
34,3,7,5,6928.0
54,1,6,5,14873.0
24,2,2,3,11195.0
34,1,15,7,12333.0
44,2,8,7,6731.0
64,2,3,5,7864.0
34,3,1,6,4237.0
24,1,12,2,37277.0
54,2,16,3,16721.0
14,3,1,3,8037.0
24,1,5,8,9689.0
34,1,7,3,21836.0
44,2,14,2,22553.0
44,2,12,7,7067.0
24,3,7,6,5430.0
24,3,7,6,6063.0
64,2,10,1,36845.0
24,2,5,1,34514.0
14,3,6,8,4585.0
24,2,6,5,8772.0
24,3,11,2,16838.0
64,2,12,6,8456.0
44,2,5,1,32334.0
34,1,13,8,10192.0
34,1,13,3,24688.0
44,2,6,5,8370.0
44,3,6,8,4256.0
14,2,16,2,22219.0
34,3,13,5,7795.0
14,1,13,1,66472.0
34,2,15,1,42616.0
34,2,14,5,10520.0
44,1,6,1,56295.0
24,2,1,4,8602.0
54,1,15,7,12401.0
14,1,2,5,14645.0
34,2,14,3,16709.0
54,1,15,7,12543.0
34,2,6,4,10121.0
34,2,6,4,9979.0
54,1,5,4,15762.0
44,1,4,2,30957.0
34,2,4,2,17048.0
54,1,5,4,15949.0
64,2,7,6,7115.0
54,2,9,5,9371.0
54,1,5,8,9653.0
64,3,1,6,4331.0
24,1,10,2,36201.0
44,3,1,4,5942.0
14,3,8,7,5422.0
14,3,6,5,6898.0
14,3,8,7,5293.0
44,1,7,2,32226.0
34,2,16,5,10976.0
64,2,13,5,10664.0
24,2,13,6,8662.0
64,2,13,5,10494.0
24,3,3,5,5944.0
14,2,6,2,17640.0
44,3,15,4,9722.0
34,3,5,2,12796.0
44,1,4,4,15453.0
44,1,9,1,62222.0
44,2,14,5,10854.0
54,1,5,7,10334.0
24,3,14,8,5429.0
44,3,3,2,12073.0
54,3,15,3,13822.0
14,2,7,8,6204.0
14,3,15,5,8605.0
14,1,5,6,12389.0
44,1,2,5,14033.0
14,2,3,3,12044.0
24,3,12,3,11806.0
64,3,13,7,6237.0
44,1,2,5,13793.0
54,1,12,6,13980.0
54,3,12,6,7973.0
64,3,4,4,6895.0
14,3,9,2,15631.0
44,3,10,3,11402.0
54,2,13,6,8880.0
34,2,5,6,7297.0
64,3,14,4,9761.0
24,1,11,3,24292.0
34,3,11,2,16857.0
64,3,12,8,5347.0
14,3,1,5,5447.0
14,3,9,8,5520.0
24,1,16,7,13169.0
24,3,5,8,4178.0
34,1,5,2,32193.0
24,3,15,1,33708.0
64,1,9,5,15551.0
14,1,2,2,29688.0
54,3,3,3,8573.0
44,2,10,4,11211.0
34,2,16,7,7807.0
34,1,16,3,25140.0
24,3,11,6,6347.0
14,2,2,7,5562.0
24,3,13,2,16001.0
44,2,3,1,30621.0
24,1,16,8,10685.0
44,3,6,6,5289.0
44,3,6,6,5330.0
34,1,7,5,15404.0
54,1,11,1,66889.0
14,2,14,4,11984.0
44,2,2,7,5545.0
14,1,4,3,22376.0
44,2,12,8,6647.0
24,2,13,4,11933.0
14,3,5,1,25922.0
24,2,6,8,6005.0
24,3,2,3,8579.0
44,1,6,8,9340.0
54,2,9,2,19796.0
54,3,7,7,4953.0
54,3,6,2,14411.0
44,3,8,5,7507.0
24,2,12,6,8697.0
44,1,11,5,16562.0
24,3,3,8,4113.0
44,2,12,5,10138.0
34,2,13,4,11608.0
44,2,12,3,14981.0
64,1,5,2,30904.0
34,2,13,4,11581.0
64,2,13,4,11939.0
44,3,2,7,4412.0
44,2,11,7,7575.0
34,2,2,4,8601.0
24,1,5,4,17732.0
54,3,4,4,6869.0
34,1,9,5,16135.0
24,2,10,3,14941.0
24,3,2,7,4572.0
64,3,14,3,13199.0
64,2,16,4,13435.0
64,1,1,5,13698.0
44,1,1,6,10835.0
44,1,7,4,17374.0
54,2,14,3,16020.0
64,2,15,4,12279.0
44,2,11,3,14736.0
54,2,5,4,9461.0
54,2,13,4,12195.0
54,1,13,7,12171.0
54,2,14,5,10132.0
34,2,10,1,39637.0
14,2,9,7,6865.0
34,2,2,3,11122.0
64,1,5,6,11526.0
24,3,12,4,9020.0
24,2,15,1,41352.0
34,1,3,7,10295.0
54,1,2,3,20718.0
14,1,12,7,11921.0
54,1,2,3,20271.0
34,2,8,3,13617.0
24,2,1,5,7460.0
34,1,1,6,10930.0
54,1,3,3,20248.0
64,1,14,1,69694.0
54,2,3,2,15757.0
64,2,4,2,16744.0
54,2,2,2,16054.0
44,3,3,5,5872.0
54,2,8,7,7375.0
24,3,13,4,9589.0
54,2,2,2,16661.0
24,3,7,2,14128.0
24,3,4,2,12831.0
14,2,6,3,13280.0
44,3,7,4,8020.0
44,1,9,2,32517.0
24,2,3,1,29226.0
24,2,7,4,10217.0
24,1,2,1,54580.0
34,2,12,8,6355.0
14,1,6,3,22712.0
34,3,5,4,7307.0
24,1,11,4,18466.0
54,1,13,1,66973.0
44,2,3,3,11536.0
34,1,8,5,15129.0
44,3,5,4,7282.0
54,1,6,1,60041.0
24,3,16,3,12804.0
44,1,8,4,17303.0
24,1,14,5,16426.0
14,3,5,7,4874.0
44,1,1,2,27969.0
14,3,5,7,4726.0
34,1,10,2,34266.0
24,2,3,3,11908.0
64,3,11,3,11597.0
54,3,9,2,15353.0
24,2,7,6,7459.0
64,3,6,2,14616.0
54,3,15,8,6741.0
54,3,4,5,6834.0
24,2,4,4,9718.0
44,2,8,5,9454.0
14,3,8,8,4775.0
64,3,4,6,5101.0
14,1,3,4,16476.0
34,3,2,5,5679.0
54,2,8,6,7560.0
34,2,4,4,9916.0
34,3,3,8,3872.0
34,3,12,3,11638.0
14,3,6,1,25119.0
34,3,9,4,8363.0
44,2,1,1,28419.0
54,2,2,7,5807.0
44,3,13,3,12660.0
14,3,13,4,9192.0
34,2,6,3,12742.0
24,2,7,7,6743.0
54,3,2,6,4589.0
14,3,13,2,17233.0
44,1,12,4,19392.0
44,3,7,8,5225.0
24,1,5,6,12498.0
44,1,7,5,15922.0
14,3,11,5,7641.0
54,1,14,6,13254.0
64,2,2,2,15966.0
64,2,15,6,8978.0
14,2,3,8,5818.0
64,2,9,6,8147.0
24,3,1,7,3928.0
44,3,5,2,13947.0
54,2,16,8,7387.0
24,1,5,1,61242.0
64,1,2,6,10864.0
24,2,10,5,10168.0
34,1,15,6,14439.0
44,3,2,8,3893.0
64,3,8,3,10952.0
64,2,11,8,6393.0
54,1,15,5,17659.0
14,2,4,6,7335.0
14,1,6,6,12675.0
44,1,6,7,11968.0
24,2,13,5,11153.0
64,3,8,5,7281.0
54,3,3,5,6118.0
44,3,5,5,6585.0
24,3,15,3,12676.0
24,2,1,7,5361.0
34,1,14,3,24434.0
64,2,14,2,23172.0
44,2,13,7,7599.0
34,2,12,4,11636.0
54,2,9,3,14080.0
54,1,9,4,17718.0
54,2,1,7,5500.0
34,2,11,6,8492.0
34,1,12,3,24517.0
34,1,5,4,16851.0
34,1,11,5,16571.0
44,2,7,5,9060.0
34,2,1,7,5712.0
34,1,8,2,34242.0
34,3,8,2,15086.0
54,1,10,5,16006.0
14,1,3,5,14528.0
34,1,11,4,18569.0
24,2,13,2,22068.0
64,2,14,7,7593.0
54,2,8,8,6257.0
34,3,13,7,6462.0
14,1,12,3,24722.0
54,3,6,7,5341.0
44,3,7,6,6042.0
24,2,2,5,7729.0
14,3,12,3,12035.0
14,1,5,3,22701.0
14,2,2,5,8031.0
14,3,12,3,12222.0
24,3,15,7,6519.0
24,3,11,4,9042.0
64,2,4,7,5934.0
24,3,11,4,8769.0
24,3,2,2,12023.0
24,3,15,6,6879.0
54,2,9,7,6928.0
24,1,6,3,22324.0
54,1,15,3,26087.0
44,2,10,7,7477.0
34,2,13,5,11650.0
44,3,13,7,7813.0
54,2,8,1,35953.0
34,3,8,4,8172.0
54,1,11,5,15986.0
34,2,7,3,13274.0
44,2,10,6,8052.0
64,3,12,1,31874.0
24,1,3,4,16247.0
64,1,16,5,17564.0
44,2,1,7,5842.0
54,2,11,4,11587.0
44,2,14,3,15515.0
34,3,8,7,5687.0
54,3,2,5,5844.0
44,1,10,6,13187.0
24,1,8,2,34580.0
14,1,14,5,17011.0
34,2,3,6,6421.0
34,3,4,6,5029.0
34,3,9,7,5519.0
34,3,9,7,5299.0
24,1,8,2,34199.0
24,1,3,3,20874.0
14,2,10,7,7232.0
24,2,9,6,7962.0
24,2,9,6,7987.0
24,1,11,8,10500.0
54,1,7,6,11895.0
64,3,13,3,12375.0
54,3,14,8,5738.0
24,2,14,4,12398.0
14,1,10,6,13530.0
44,1,9,4,18127.0
44,2,15,7,8144.0
34,3,6,5,6793.0
44,2,11,5,10152.0
34,1,13,4,19458.0
24,2,15,2,22199.0
64,1,14,7,11989.0
24,3,7,5,7095.0
54,3,12,5,8216.0
44,2,2,5,8010.0
44,1,13,7,12101.0
44,2,8,1,36543.0
34,3,7,7,5249.0
64,3,9,5,7435.0
34,2,14,2,22554.0
44,2,2,3,10803.0
24,1,6,6,12095.0
44,3,9,1,28770.0
34,2,11,3,14439.0
14,2,9,1,37583.0
14,1,8,6,12838.0
34,1,1,4,15032.0
34,1,6,3,22570.0
54,3,7,3,10302.0
14,1,2,6,11340.0
34,1,14,8,10914.0
34,2,6,7,6535.0
24,1,16,2,36104.0
44,2,7,1,33062.0
54,2,14,2,22471.0
14,3,14,6,6722.0
24,1,14,1,68120.0
24,2,12,2,21713.0
24,3,4,7,6692.0
24,3,15,8,7651.0
14,1,14,7,14357.0
24,3,4,7,5296.0
34,1,2,6,11151.0
54,2,3,3,11641.0
54,3,11,3,11710.0
14,2,2,6,6518.0
54,3,11,3,12043.0
54,1,12,5,16863.0
34,3,3,3,8783.0
14,1,6,7,11765.0
44,1,12,3,24678.0
34,2,10,6,7976.0
24,3,7,4,7798.0
54,2,10,1,39313.0
24,1,2,2,28722.0
34,2,7,5,9130.0
14,1,11,2,34368.0
14,2,9,4,10767.0
34,3,14,3,12442.0
54,3,11,8,5019.0
54,3,11,8,4990.0
54,2,7,4,10204.0
54,2,10,1,39443.0
34,3,13,3,12030.0
14,3,6,3,9953.0
14,2,3,5,8545.0
14,3,8,4,8406.0
54,3,1,5,5440.0
34,3,8,5,7189.0
24,2,4,2,18295.0
34,2,15,6,9198.0
24,1,1,7,9810.0
44,3,9,4,8604.0
34,3,16,3,13653.0
54,2,10,7,7620.0
24,3,10,5,7917.0
24,1,5,5,15383.0
44,1,14,7,12854.0
24,2,13,3,16274.0
44,2,5,2,17510.0
44,3,16,4,10202.0
24,2,14,3,15482.0
14,2,6,4,10343.0
44,2,5,2,17735.0
44,1,3,4,15734.0
14,2,12,2,20850.0
24,1,10,3,23795.0
44,3,11,2,16515.0
34,2,10,5,9902.0
64,2,3,6,6342.0
34,1,7,4,17224.0
24,1,2,3,20793.0
14,1,6,2,33379.0
26,1,3,4,16495.0
34,2,9,7,9565.0
34,2,9,7,9464.0
24,2,1,8,7485.0
54,2,2,8,7512.0
24,3,13,5,8668.0
34,3,6,2,13494.0
34,3,6,1,26857.0
34,2,9,6,7511.0
34,3,12,2,17225.0
14,2,1,5,7457.0
44,2,8,2,18904.0
54,2,9,1,38177.0
54,3,16,5,10381.0
44,3,13,6,9666.0
24,2,14,8,8072.0
64,3,13,4,9722.0
34,2,1,3,10896.0
24,2,11,8,6645.0
44,3,12,3,11939.0
34,2,1,3,10842.0
44,2,9,8,6325.0
64,3,12,5,8051.0
34,3,11,4,8930.0
34,2,2,5,7936.0
14,1,11,8,10745.0
54,2,12,2,22715.0
44,2,10,1,40984.0
44,1,1,5,13573.0
54,2,14,6,9900.0
54,3,14,5,10421.0
54,2,12,7,7525.0
54,3,1,8,5686.0
54,2,12,2,23950.0
44,2,15,8,10266.0
44,1,3,6,14144.0
64,2,2,7,5483.0
54,3,1,3,7282.0
64,2,12,3,15025.0
34,3,10,2,16811.0
44,3,7,7,6019.0
24,3,8,4,9860.0
64,2,12,3,15114.0
44,1,3,7,13489.0
54,1,14,2,36026.0
54,1,4,7,16602.0
44,3,15,2,18189.0
34,1,4,5,16597.0
44,1,4,7,10121.0
24,2,3,7,9069.0
54,1,5,5,16589.0
34,3,3,5,5872.0
34,3,5,3,9247.0
24,3,6,6,5361.0
44,3,1,2,11257.0
24,1,2,8,8818.0
44,3,5,6,5235.0
24,1,6,4,16280.0
64,3,9,2,15860.0
34,3,9,6,6140.0
14,1,7,7,11175.0
44,1,9,6,12567.0
64,1,7,3,22384.0
14,3,4,3,10059.0
24,1,9,7,12807.0
34,3,13,1,33358.0
54,3,3,7,4812.0
64,2,12,8,6913.0
54,2,13,5,10581.0
54,1,10,3,23867.0
34,1,4,3,21774.0
54,1,13,4,19109.0
54,3,8,7,5418.0
44,2,15,3,16781.0
44,2,12,1,40053.0
44,3,10,7,5424.0
54,2,6,3,13054.0
54,3,4,7,6898.0
14,1,6,4,18148.0
54,3,8,1,26825.0
34,3,4,1,23271.0
34,2,4,3,12103.0
44,1,3,3,19848.0
14,3,10,6,8427.0
34,2,9,5,11352.0
24,3,8,8,6952.0
34,2,3,3,12007.0
34,1,16,5,17555.0
24,3,8,3,9998.0
14,1,11,7,11638.0
24,2,16,7,7775.0
54,2,14,7,7853.0
64,2,4,1,31691.0
34,2,14,7,8617.0
44,2,7,7,6812.0
24,3,3,6,4919.0
34,3,13,2,18778.0
34,1,16,6,14037.0
34,2,7,1,35937.0
34,3,10,3,11234.0
54,3,3,8,3872.0
24,1,4,7,10492.0
34,2,6,5,8864.0
34,1,11,2,34269.0
54,1,7,7,10758.0
24,2,9,1,36292.0
54,3,11,2,16125.0
14,3,13,5,7712.0
64,1,3,1,57948.0
24,2,4,1,31982.0
34,2,7,4,10562.0
44,1,13,8,11187.0
44,3,13,5,9344.0
64,1,8,7,11366.0
34,1,12,6,18392.0
54,1,7,5,18335.0
14,2,13,8,9765.0
14,1,11,3,28100.0
44,3,6,3,9948.0
44,2,8,8,8894.0
14,1,7,4,18554.0
64,2,5,8,6934.0
44,1,5,3,23713.0
44,2,6,3,12413.0
64,2,4,8,5229.0
54,2,7,2,18377.0
44,3,1,6,4166.0
54,3,8,2,14340.0
14,2,13,1,41522.0
44,1,16,2,37572.0
64,1,4,7,10298.0
54,1,7,2,32304.0
64,3,11,8,5704.0
44,2,15,5,10956.0
14,2,5,7,6334.0
64,1,6,2,30059.0
14,2,5,7,6395.0
64,2,3,2,16508.0
34,3,3,1,23690.0
14,2,14,3,15864.0
44,3,9,7,5872.0
14,2,14,8,9782.0
34,2,13,6,13428.0
44,1,11,7,17547.0
64,2,12,1,41010.0
44,1,11,7,11638.0
54,3,13,3,13583.0
14,2,11,1,39611.0
64,2,14,8,11211.0
54,1,13,6,13625.0
44,2,4,5,11542.0
44,3,9,8,7745.0
64,2,5,6,10213.0
54,1,2,8,13676.0
64,2,11,7,11669.0
14,3,12,5,12230.0
34,3,15,8,8883.0
54,3,14,6,7432.0
64,2,9,8,5944.0
14,1,3,8,14450.0
54,2,7,5,14044.0
14,2,3,7,5796.0
34,2,12,7,11984.0
24,1,6,8,9593.0
64,1,7,7,16949.0
54,3,5,5,9212.0
54,1,2,6,10115.0
64,3,6,5,6967.0
54,3,6,8,4261.0
54,3,5,5,7306.0
34,2,14,1,44645.0
44,2,2,6,9160.0
34,1,5,6,14507.0
64,2,9,4,10843.0
24,2,2,2,15701.0
24,2,8,5,9311.0
54,1,11,6,13307.0
54,1,6,4,17732.0
24,3,8,2,15659.0
24,2,11,5,9688.0
24,2,6,7,6293.0
24,3,12,2,17597.0
14,2,9,6,8487.0
34,1,4,2,31254.0
54,3,15,4,9995.0
54,2,5,6,6907.0
64,3,6,4,7263.0
44,2,4,8,5328.0
54,1,4,6,11020.0
64,3,8,6,5869.0
14,2,5,8,5596.0
44,2,3,6,6399.0
64,1,11,2,36629.0
14,2,5,8,5754.0
64,2,6,7,6163.0
44,2,9,1,40601.0
34,2,13,2,21383.0
64,1,12,3,24544.0
24,1,6,7,11549.0
24,1,1,3,20066.0
34,3,4,3,9135.0
34,1,5,5,16525.0
24,1,13,7,16714.0
34,3,4,3,9115.0
14,3,6,2,14514.0
64,2,10,3,14228.0
54,3,5,3,9619.0
24,1,8,4,18045.0
34,1,3,5,13803.0
64,3,10,1,30392.0
44,2,9,6,7372.0
64,1,13,4,19764.0
54,2,7,7,8373.0
24,1,8,4,19823.0
54,2,10,4,11092.0
44,3,3,7,4185.0
34,2,4,5,8619.0
44,3,5,3,9833.0
64,1,3,8,8495.0
44,1,5,6,12353.0
44,2,7,4,10879.0
54,1,8,4,16353.0
44,2,5,3,12460.0
34,3,4,5,6036.0
54,2,4,2,17143.0
44,2,5,3,13096.0
54,1,13,8,16636.0
64,2,15,2,21714.0
14,3,16,4,13643.0
64,1,15,1,70634.0
34,3,15,6,9684.0
44,3,14,8,7247.0
54,2,10,8,10103.0
34,2,14,8,10652.0
24,3,10,4,10483.0
54,2,4,6,7610.0
54,2,8,2,19103.0
54,1,14,3,26095.0
14,2,5,5,9165.0
44,2,12,4,11468.0
14,2,5,5,8776.0
24,2,1,6,5923.0
54,1,14,3,26293.0
24,1,8,5,16508.0
44,3,12,7,8770.0
34,1,15,4,20806.0
34,2,11,1,42506.0
54,1,16,6,14248.0
54,1,3,8,9585.0
54,2,6,4,9945.0
44,2,3,2,16873.0
44,1,9,5,15980.0
54,2,6,4,9818.0
34,2,7,2,18414.0
44,1,10,2,35220.0
54,2,2,5,7389.0
24,1,7,4,18344.0
34,2,4,7,8707.0
54,3,10,7,6602.0
44,1,2,2,29293.0
64,2,4,3,11434.0
34,3,15,3,12533.0
64,2,4,3,11168.0
64,2,1,3,10335.0
54,1,12,7,11227.0
64,2,7,1,36168.0
64,2,1,3,10353.0
64,3,13,1,33498.0
44,2,6,2,17449.0
54,2,13,8,10578.0
44,2,11,4,13349.0
24,2,2,4,9658.0
64,1,15,3,25784.0
24,2,2,4,9320.0
64,2,12,2,21305.0
64,3,2,6,5012.0
54,2,6,8,7732.0
24,2,3,4,9227.0
44,1,12,5,18076.0
24,1,2,5,14372.0
24,1,5,2,32960.0
14,3,16,6,10385.0
44,2,12,6,8276.0
34,1,5,7,16493.0
14,2,8,8,6114.0
54,2,6,6,7724.0
24,2,4,8,5391.0
64,1,5,7,9725.0
64,2,9,1,38994.0
54,1,10,8,10067.0
64,1,4,2,27877.0
14,3,16,1,33942.0
34,3,8,6,5561.0
34,1,12,5,19591.0
64,1,1,8,13443.0
14,3,13,6,8810.0
44,1,2,4,14362.0
14,1,8,1,64071.0
44,2,7,6,7807.0
14,1,1,4,15484.0
64,3,9,3,10428.0
34,2,12,3,15320.0
64,3,3,6,7151.0
34,1,6,4,18246.0
54,3,15,6,9326.0
64,3,15,7,7126.0
44,2,10,3,14910.0
64,2,12,5,10467.0
64,1,16,3,27086.0
54,1,1,3,18399.0
44,2,10,3,15084.0
34,2,15,4,12499.0
34,2,12,6,8423.0
54,2,7,8,5738.0
54,2,3,6,6493.0
54,2,5,2,18200.0
34,2,10,4,10569.0
34,2,2,6,5841.0
54,2,5,2,17423.0
34,2,5,4,9270.0
34,3,12,5,8218.0
34,3,1,3,7221.0
24,2,13,1,41764.0
34,1,15,2,36370.0
24,2,3,8,5256.0
64,3,15,6,7553.0
44,2,1,2,15179.0
54,3,16,2,19406.0
44,2,11,6,9904.0
54,2,15,3,16687.0
34,2,11,7,11247.0
54,2,2,4,9276.0
44,3,2,5,6356.0
24,2,7,3,13513.0
14,2,2,2,16915.0
44,1,15,5,20610.0
14,2,16,6,11889.0
24,2,9,7,8109.0
64,2,8,2,18983.0
44,2,16,5,11044.0
14,2,15,6,8498.0
24,3,16,1,33690.0
64,2,1,1,29293.0
44,3,3,6,5157.0
64,2,2,3,10798.0
64,2,2,3,10493.0
64,1,14,2,34787.0
64,2,1,1,28369.0
14,1,7,2,33003.0
14,2,6,7,6450.0
34,2,8,2,18973.0
64,3,5,6,5285.0
14,2,6,7,6439.0
14,3,2,1,22558.0
44,3,14,7,6294.0
14,2,12,4,12361.0
54,2,16,7,11982.0
54,1,14,7,13969.0
34,2,12,2,20926.0
14,1,5,1,60508.0
24,2,3,2,17701.0
14,1,2,4,15927.0
14,2,7,3,14187.0
54,2,12,4,13445.0
14,2,15,5,11206.0
64,3,10,7,7696.0
14,3,6,4,8303.0
14,3,8,5,7430.0
44,1,13,2,34992.0
44,3,8,7,6363.0
24,2,5,2,18637.0
14,1,2,7,16384.0
34,1,6,6,17483.0
24,2,14,5,10255.0
24,2,14,5,10159.0
24,2,16,4,12603.0
14,2,1,7,5690.0
44,1,15,8,10776.0
24,2,15,7,8505.0
44,1,13,3,26108.0
34,2,6,8,5641.0
54,1,10,2,35916.0
44,3,3,4,6771.0
64,2,6,6,11116.0
24,2,12,7,11533.0
44,3,2,6,5121.0
24,2,9,3,13994.0
54,3,9,5,7213.0
34,2,9,8,9346.0
14,2,10,4,13087.0
14,2,5,4,9827.0
44,1,13,6,13787.0
44,1,13,6,13844.0
24,2,15,3,16494.0
44,3,14,6,7274.0
54,2,10,6,8194.0
44,3,14,5,8456.0
14,1,15,2,36811.0
34,1,6,1,61291.0
64,2,15,3,16378.0
44,2,10,2,20295.0
34,2,13,7,7488.0
14,3,5,2,13879.0
44,2,1,4,7718.0
24,1,15,6,16122.0
44,2,1,4,7777.0
64,1,2,5,15765.0
44,2,13,2,23252.0
54,1,10,7,11319.0
54,1,6,7,15264.0
54,1,4,5,18029.0
64,3,5,1,26786.0
24,1,12,6,14802.0
24,2,5,5,9877.0
54,3,11,5,10852.0
34,1,11,6,17918.0
14,2,7,6,9260.0
14,3,7,5,8052.0
34,3,11,6,7830.0
44,2,1,8,7021.0
24,3,5,3,9476.0
34,3,7,2,14970.0
24,1,9,4,19187.0
24,2,5,3,13525.0
54,2,4,4,9496.0
54,1,6,3,22719.0
24,3,4,3,8790.0
54,3,10,4,9230.0
34,2,14,4,12549.0
44,3,3,3,8291.0
44,1,6,6,14123.0
34,2,7,7,8102.0
14,1,8,5,16807.0
44,1,10,3,25168.0
14,2,13,3,15944.0
24,2,4,5,8445.0
54,3,9,7,5529.0
64,3,5,4,7509.0
34,1,14,5,17685.0
24,3,6,5,6823.0
64,3,3,7,6821.0
24,3,5,6,5272.0
34,1,14,5,18585.0
44,1,8,7,11463.0
24,2,8,2,20191.0
54,3,9,3,10781.0
44,2,10,8,6247.0
44,2,1,3,10720.0
34,1,11,1,68065.0
54,2,1,7,5206.0
24,1,8,7,11456.0
44,2,14,1,45113.0
34,2,3,1,28799.0
34,3,7,2,14275.0
34,2,16,1,41917.0
54,2,5,3,12268.0
54,1,16,2,36805.0
14,3,7,5,7179.0
54,1,2,8,9967.0
44,2,5,7,6390.0
34,3,1,6,4617.0
24,3,1,2,11666.0
54,1,6,5,15253.0
64,3,15,8,9280.0
44,3,15,4,11535.0
14,1,1,2,28010.0
64,3,3,5,6136.0
14,2,4,5,9025.0
54,1,12,6,13206.0
44,3,4,3,9415.0
14,2,4,5,8712.0
24,2,11,5,10430.0
24,1,6,4,17927.0
34,2,10,1,37305.0
44,2,6,1,33163.0
44,1,2,4,16671.0
24,2,4,7,8681.0
44,2,11,6,10934.0
44,1,15,5,18911.0
24,2,15,4,12334.0
34,3,7,8,6624.0
64,1,16,3,27703.0
64,2,9,6,7932.0
24,2,4,8,8550.0
24,1,5,2,31296.0
64,1,7,7,15696.0
34,3,1,5,5427.0
44,2,5,3,12825.0
54,2,10,7,11486.0
14,3,5,4,7592.0
24,3,12,5,8937.0
54,1,10,7,14906.0
54,2,9,4,11445.0
54,3,15,3,13744.0
14,2,16,8,10772.0
64,3,12,4,9498.0
24,2,6,6,7718.0
44,3,7,5,7106.0
34,3,11,3,12223.0
34,2,14,3,16258.0
24,1,9,4,17912.0
64,2,5,4,9226.0
64,2,15,7,12590.0
44,1,4,4,17341.0
34,2,14,3,16263.0
34,2,14,4,11614.0
