Layer,Hf,Wf,Cin,Cout,FLOPS,Time
2,3,3,3,64,86704128,0.04368138313293457
2,3,3,3,64,86704128,0.033643245697021484
2,3,3,3,64,86704128,0.03649353981018066
2,3,3,3,64,86704128,0.04116678237915039
2,3,3,3,64,86704128,0.0410914421081543
2,3,3,3,64,86704128,0.04213094711303711
2,3,3,3,64,86704128,0.041197538375854485
2,3,3,3,64,86704128,0.03260207176208496
2,3,3,3,64,86704128,0.042150020599365234
2,3,3,3,64,86704128,0.03262138366699219
2,3,3,3,64,86704128,0.034241676330566406
2,3,3,3,64,86704128,0.04239559173583984
2,3,3,3,64,86704128,0.033686161041259766
2,3,3,3,64,86704128,0.036397457122802734
2,3,3,3,64,86704128,0.04105448722839356
2,3,3,3,64,86704128,0.04228019714355469
2,3,3,3,64,86704128,0.03553438186645508
2,3,3,3,64,86704128,0.04229950904846192
2,3,3,3,64,86704128,0.03335428237915039
2,3,3,3,64,86704128,0.03534436225891113
2,3,3,3,64,86704128,0.0410008430480957
2,3,3,3,64,86704128,0.0333404541015625
2,3,3,3,64,86704128,0.03445649147033692
2,3,3,3,64,86704128,0.036283016204833984
2,3,3,3,64,86704128,0.0410151481628418
2,3,3,3,64,86704128,0.04234886169433594
2,3,3,3,64,86704128,0.04348492622375488
2,3,3,3,64,86704128,0.042365312576293945
2,3,3,3,64,86704128,0.03322792053222656
2,3,3,3,64,86704128,0.04349493980407715
2,3,3,3,64,86704128,0.03503680229187012
2,3,3,3,64,86704128,0.04363775253295898
2,3,3,3,64,86704128,0.03413963317871094
2,3,3,3,64,86704128,0.035444974899291985
2,3,3,3,64,86704128,0.0436100959777832
2,3,3,3,64,86704128,0.035460710525512695
2,3,3,3,64,86704128,0.03644299507141113
2,3,3,3,64,86704128,0.036432743072509766
2,3,3,3,64,86704128,0.035091400146484375
2,3,3,3,64,86704128,0.03289937973022461
2,3,3,3,64,86704128,0.04362225532531738
2,3,3,3,64,86704128,0.03325843811035156
2,3,3,3,64,86704128,0.03506016731262207
2,3,3,3,64,86704128,0.03291749954223633
2,3,3,3,64,86704128,0.03325033187866211
2,3,3,3,64,86704128,0.035071134567260735
2,3,3,3,64,86704128,0.03442645072937012
2,3,3,3,64,86704128,0.03529071807861328
2,3,3,3,64,86704128,0.035284757614135735
2,3,3,3,64,86704128,0.0341641902923584
2,3,3,3,64,86704128,0.03511881828308105
2,3,3,3,64,86704128,0.03472304344177246
2,3,3,3,64,86704128,0.034727811813354485
2,3,3,3,64,86704128,0.03305387496948242
2,3,3,3,64,86704128,0.03430747985839844
2,3,3,3,64,86704128,0.03410124778747558
2,3,3,3,64,86704128,0.03307771682739258
2,3,3,3,64,86704128,0.03409528732299805
2,3,3,3,64,86704128,0.03630852699279785
2,3,3,3,64,86704128,0.034325838088989265
2,3,3,3,64,86704128,0.03540611267089844
2,3,3,3,64,86704128,0.033751487731933594
2,3,3,3,64,86704128,0.034413814544677734
2,3,3,3,64,86704128,0.03513073921203613
2,3,3,3,64,86704128,0.03431487083435058
2,3,3,3,64,86704128,0.03406047821044922
2,3,3,3,64,86704128,0.03406476974487305
2,3,3,3,64,86704128,0.03439521789550781
2,3,3,3,64,86704128,0.03440427780151367
2,3,3,3,64,86704128,0.03308725357055664
2,3,3,3,64,86704128,0.03417706489562988
2,3,3,3,64,86704128,0.033176660537719734
2,3,3,3,64,86704128,0.03310394287109375
2,3,3,3,64,86704128,0.03282761573791504
2,3,3,3,64,86704128,0.033130884170532234
2,3,3,3,64,86704128,0.034346580505371094
2,3,3,3,64,86704128,0.0331721305847168
2,3,3,3,64,86704128,0.0330960750579834
2,3,3,3,64,86704128,0.03434252738952637
2,3,3,3,64,86704128,0.03539609909057617
2,3,3,3,64,86704128,0.03293871879577637
2,3,3,3,64,86704128,0.0343775749206543
2,3,3,3,64,86704128,0.03715062141418457
2,3,3,3,64,86704128,0.03438115119934082
2,3,3,3,64,86704128,0.03303861618041992
2,3,3,3,64,86704128,0.03281664848327637
2,3,3,3,64,86704128,0.03278827667236328
2,3,3,3,64,86704128,0.03280329704284668
2,3,3,3,64,86704128,0.0328214168548584
2,3,3,3,64,86704128,0.03499007225036621
2,3,3,3,64,86704128,0.03374218940734863
2,3,3,3,64,86704128,0.03299283981323242
2,3,3,3,64,86704128,0.034981727600097656
2,3,3,3,64,86704128,0.03631925582885742
2,3,3,3,64,86704128,0.03374481201171875
2,3,3,3,64,86704128,0.03279829025268555
2,3,3,3,64,86704128,0.032792329788208015
2,3,3,3,64,86704128,0.03301334381103516
2,3,3,3,64,86704128,0.036316871643066406
2,3,3,3,64,86704128,0.03302145004272461
2,3,3,3,64,86704128,0.032944440841674805
2,3,3,3,64,86704128,0.03498625755310058
2,3,3,3,64,86704128,0.03315258026123047
2,3,3,3,64,86704128,0.03418684005737305
2,3,3,3,64,86704128,0.03299689292907715
2,3,3,3,64,86704128,0.03521537780761719
2,3,3,3,64,86704128,0.03418469429016113
2,3,3,3,64,86704128,0.033118486404418945
2,3,3,3,64,86704128,0.03311634063720703
2,3,3,3,64,86704128,0.032949209213256836
2,3,3,3,64,86704128,0.035176753997802734
2,3,3,3,64,86704128,0.03314065933227539
2,3,3,3,64,86704128,0.032953500747680664
2,3,3,3,64,86704128,0.03286242485046387
2,3,3,3,64,86704128,0.03285694122314453
2,3,3,3,64,86704128,0.033026456832885735
2,3,3,3,64,86704128,0.03285050392150879
2,3,3,3,64,86704128,0.037145137786865234
2,3,3,3,64,86704128,0.0328526496887207
2,3,3,3,64,86704128,0.03296613693237305
2,3,3,3,64,86704128,0.03520631790161133
2,3,3,3,64,86704128,0.0329592227935791
2,3,3,3,64,86704128,0.03549814224243164
2,3,3,3,64,86704128,0.035497188568115234
2,3,3,3,64,86704128,0.03714132308959961
2,3,3,3,64,86704128,0.0353846549987793
2,3,3,3,64,86704128,0.03314471244812012
2,3,3,3,64,86704128,0.03497052192687988
2,3,3,3,64,86704128,0.03497147560119629
2,3,3,3,64,86704128,0.033004045486450195
2,3,3,3,64,86704128,0.03714251518249512
2,3,3,3,64,86704128,0.035387277603149414
2,3,3,3,64,86704128,0.032868146896362305
2,3,3,3,64,86704128,0.0328671932220459
2,3,3,3,64,86704128,0.03514242172241211
2,3,3,3,64,86704128,0.035141706466674805
2,3,3,3,64,86704128,0.035386085510253906
2,3,3,3,64,86704128,0.03300666809082031
2,3,3,3,64,86704128,0.03517317771911621
2,3,3,3,64,86704128,0.035173892974853516
2,3,3,3,64,86704128,0.033005714416503906
2,3,3,3,64,86704128,0.033147573471069336
2,3,3,3,64,86704128,0.03491830825805664
2,3,3,3,64,86704128,0.034918785095214844
2,3,3,3,64,86704128,0.032962560653686516
2,3,3,3,64,86704128,0.03296184539794922
2,3,3,3,64,86704128,0.03314685821533203
2,3,3,3,64,86704128,0.03297281265258789
2,3,3,3,64,86704128,0.03297233581542969
2,3,3,3,64,86704128,0.033031225204467766
2,3,3,3,64,86704128,0.03303074836730957
2,3,3,3,64,86704128,0.03520989418029785
2,3,3,3,64,86704128,0.03520989418029785
2,3,3,3,64,86704128,0.03520965576171875
3,3,3,64,64,1849688064,0.013695074366284657
3,3,3,64,64,1849688064,0.012956453608228016
3,3,3,64,64,1849688064,0.014582706736279774
3,3,3,64,64,1849688064,0.01289136533613329
3,3,3,64,64,1849688064,0.014621330546094227
3,3,3,64,64,1849688064,0.00895459775800829
3,3,3,64,64,1849688064,0.009872032450391102
3,3,3,64,64,1849688064,0.01817853574628954
3,3,3,64,64,1849688064,0.010373426722241688
3,3,3,64,64,1849688064,0.010678364084912587
3,3,3,64,64,1849688064,0.011617018030835438
3,3,3,64,64,1849688064,0.010953260706616688
3,3,3,64,64,1849688064,0.007026745127393055
3,3,3,64,64,1849688064,0.013193203257275868
3,3,3,64,64,1849688064,0.010746790217114735
3,3,3,64,64,1849688064,0.013175560282422352
3,3,3,64,64,1849688064,0.009497476862622548
3,3,3,64,64,1849688064,0.010721994684888173
3,3,3,64,64,1849688064,0.007835699366284657
3,3,3,64,64,1849688064,0.00705535535688525
3,3,3,64,64,1849688064,0.01087124471540575
3,3,3,64,64,1849688064,0.012328220652295399
3,3,3,64,64,1849688064,0.012314392374707508
3,3,3,64,64,1849688064,0.008001161860181141
3,3,3,64,64,1849688064,0.00804264669294482
3,3,3,64,64,1849688064,0.00960500364179736
3,3,3,64,64,1849688064,0.009083582209302235
3,3,3,64,64,1849688064,0.009098364161206539
3,3,3,64,64,1849688064,0.00853498105878954
3,3,3,64,64,1849688064,0.008169008539868648
3,3,3,64,64,1849688064,0.008021665857983876
3,3,3,64,64,1849688064,0.010915590571118648
3,3,3,64,64,1849688064,0.007807565973950666
3,3,3,64,64,1849688064,0.009932590769482899
3,3,3,64,64,1849688064,0.01822884206647997
3,3,3,64,64,1849688064,0.009920669840527814
3,3,3,64,64,1849688064,0.01089699392194872
3,3,3,64,64,1849688064,0.0182173979746831
3,3,3,64,64,1849688064,0.008463932322217274
3,3,3,64,64,1849688064,0.007679296778394032
3,3,3,64,64,1849688064,0.00870282773847704
3,3,3,64,64,1849688064,0.007709575937939923
3,3,3,64,64,1849688064,0.008188797281934071
3,3,3,64,64,1849688064,0.008424593256665516
3,3,3,64,64,1849688064,0.009462906168652821
3,3,3,64,64,1849688064,0.010469032572461415
3,3,3,64,64,1849688064,0.008392406748486805
3,3,3,64,64,1849688064,0.008218838022900868
3,3,3,64,64,1849688064,0.008447719858838368
3,3,3,64,64,1849688064,0.010122133539868648
3,3,3,64,64,1849688064,0.010114504145337391
3,3,3,64,64,1849688064,0.007569385813428212
3,3,3,64,64,1849688064,0.008774114893628407
3,3,3,64,64,1849688064,0.008810116099072743
3,3,3,64,64,1849688064,0.017413212107373524
3,3,3,64,64,1849688064,0.017406774805737782
3,3,3,64,64,1849688064,0.009441686915112782
3,3,3,64,64,1849688064,0.010431839274121571
3,3,3,64,64,1849688064,0.008793665217114735
3,3,3,64,64,1849688064,0.00860364560957079
3,3,3,64,64,1849688064,0.007112575815869618
3,3,3,64,64,1849688064,0.007586075113965321
3,3,3,64,64,1849688064,0.010499073313428212
3,3,3,64,64,1849688064,0.007161451624585438
3,3,3,64,64,1849688064,0.007537199305249494
3,3,3,64,64,1849688064,0.008564306544019039
3,3,3,64,64,1849688064,0.010442091273022938
3,3,3,64,64,1849688064,0.007146192835522938
3,3,3,64,64,1849688064,0.008736444758130353
3,3,3,64,64,1849688064,0.00712354307050829
3,3,3,64,64,1849688064,0.008746696757031727
3,3,3,64,64,1849688064,0.009635759638501454
3,3,3,64,64,1849688064,0.00826389913435107
3,3,3,64,64,1849688064,0.009628845499707508
3,3,3,64,64,1849688064,0.007407499598218251
3,3,3,64,64,1849688064,0.007522655771924305
3,3,3,64,64,1849688064,0.008645130442334462
3,3,3,64,64,1849688064,0.008866144465161603
3,3,3,64,64,1849688064,0.008244825648022938
3,3,3,64,64,1849688064,0.007739616678906727
3,3,3,64,64,1849688064,0.010561538981152821
3,3,3,64,64,1849688064,0.007419420527173322
3,3,3,64,64,1849688064,0.01055534009809618
3,3,3,64,64,1849688064,0.009404255198193837
3,3,3,64,64,1849688064,0.008254362391187
3,3,3,64,64,1849688064,0.007433248804761219
3,3,3,64,64,1849688064,0.007749391840649891
3,3,3,64,64,1849688064,0.011576725290967274
3,3,3,64,64,1849688064,0.011581016825391102
3,3,3,64,64,1849688064,0.007191730784131337
3,3,3,64,64,1849688064,0.007197929667187977
3,3,3,64,64,1849688064,0.008364988611890126
3,3,3,64,64,1849688064,0.008586479471875477
3,3,3,64,64,1849688064,0.00858123426313525
3,3,3,64,64,1849688064,0.009417845057202626
3,3,3,64,64,1849688064,0.010520769404126454
3,3,3,64,64,1849688064,0.007447315500928212
3,3,3,64,64,1849688064,0.010516477869702626
3,3,3,64,64,1849688064,0.0072637331950200085
3,3,3,64,64,1849688064,0.00941236142988329
3,3,3,64,64,1849688064,0.007216049479199696
3,3,3,64,64,1849688064,0.007470680521680165
3,3,3,64,64,1849688064,0.008358551310254383
3,3,3,64,64,1849688064,0.007613731669141102
3,3,3,64,64,1849688064,0.0072217715250981335
3,3,3,64,64,1849688064,0.007257295893384266
3,3,3,64,64,1849688064,0.007379127787305165
3,3,3,64,64,1849688064,0.007627321528149891
3,3,3,64,64,1849688064,0.0076185000407231335
3,3,3,64,64,1849688064,0.007366968439770985
3,3,3,64,64,1849688064,0.007248951243115712
3,3,3,64,64,1849688064,0.008846832560254383
3,3,3,64,64,1849688064,0.007281614588452626
3,3,3,64,64,1849688064,0.007374836252881337
3,3,3,64,64,1849688064,0.008346153544141102
3,3,3,64,64,1849688064,0.007242513941479969
3,3,3,64,64,1849688064,0.007232261942578602
3,3,3,64,64,1849688064,0.008349014567090321
3,3,3,64,64,1849688064,0.007479740427686024
3,3,3,64,64,1849688064,0.007483555124951649
3,3,3,64,64,1849688064,0.007236553477002423
3,3,3,64,64,1849688064,0.0076413882243168835
3,3,3,64,64,1849688064,0.007314516352368648
3,3,3,64,64,1849688064,0.007766557978345204
3,3,3,64,64,1849688064,0.007764650629712398
3,3,3,64,64,1849688064,0.007458521174145985
3,3,3,64,64,1849688064,0.007456136988354969
3,3,3,64,64,1849688064,0.007335020350171376
3,3,3,64,64,1849688064,0.007323576258374508
3,3,3,64,64,1849688064,0.007332874582959462
3,3,3,64,64,1849688064,0.0073209536540043835
3,3,3,64,64,1849688064,0.0073095095622075085
3,3,3,64,64,1849688064,0.007292105005933101
3,3,3,64,64,1849688064,0.007358146952344227
3,3,3,64,64,1849688064,0.008852793024731923
3,3,3,64,64,1849688064,0.00885136251325732
3,3,3,64,64,1849688064,0.0073514712321293835
3,3,3,64,64,1849688064,0.007301641749097157
3,3,3,64,64,1849688064,0.008663488672925289
3,3,3,64,64,1849688064,0.0073552859293950085
3,3,3,64,64,1849688064,0.007636381434155751
3,3,3,64,64,1849688064,0.0076375735270512585
3,3,3,64,64,1849688064,0.008660866068555165
3,3,3,64,64,1849688064,0.007353140162183101
3,3,3,64,64,1849688064,0.007496668146802235
3,3,3,64,64,1849688064,0.007496668146802235
3,3,3,64,64,1849688064,0.007304741190625477
3,3,3,64,64,1849688064,0.007288051890088368
3,3,3,64,64,1849688064,0.007494045542432118
3,3,3,64,64,1849688064,0.008662058161450666
3,3,3,64,64,1849688064,0.007289005564404774
3,3,3,64,64,1849688064,0.007303549097729969
3,3,3,64,64,1849688064,0.007495476053906727
3,3,3,64,64,1849688064,0.009194923685742665
3,3,3,64,64,1849688064,0.00919468526716357
5,3,3,64,128,924844032,0.009680399411841283
5,3,3,64,128,924844032,0.009029278272314915
5,3,3,64,128,924844032,0.008936533445044414
5,3,3,64,128,924844032,0.008925327771826634
5,3,3,64,128,924844032,0.009568104261084447
5,3,3,64,128,924844032,0.009142288678809063
5,3,3,64,128,924844032,0.009129652494116666
5,3,3,64,128,924844032,0.009666094297095196
5,3,3,64,128,924844032,0.008841642850561986
5,3,3,64,128,924844032,0.011577972882910618
5,3,3,64,128,924844032,0.0081571431099614
5,3,3,64,128,924844032,0.0081571431099614
5,3,3,64,128,924844032,0.008766302579565892
5,3,3,64,128,924844032,0.009642490857764134
5,3,3,64,128,924844032,0.011679300779028783
5,3,3,64,128,924844032,0.008814224713965306
5,3,3,64,128,924844032,0.0088285298287114
5,3,3,64,128,924844032,0.008793243879004368
5,3,3,64,128,924844032,0.011729845517798314
5,3,3,64,128,924844032,0.008781561368628392
5,3,3,64,128,924844032,0.008992084973975072
5,3,3,64,128,924844032,0.008042940610571751
5,3,3,64,128,924844032,0.008998522275610814
5,3,3,64,128,924844032,0.008036264890356914
5,3,3,64,128,924844032,0.011250624173804166
5,3,3,64,128,924844032,0.00869430016867722
5,3,3,64,128,924844032,0.008197435849829564
5,3,3,64,128,924844032,0.011256584638281712
5,3,3,64,128,924844032,0.01172007035605515
5,3,3,64,128,924844032,0.008682617658301243
5,3,3,64,128,924844032,0.009626755231543431
5,3,3,64,128,924844032,0.008189091199561009
5,3,3,64,128,924844032,0.008673796170874479
5,3,3,64,128,924844032,0.011817345136328594
5,3,3,64,128,924844032,0.011813530439062962
5,3,3,64,128,924844032,0.008279690259619603
5,3,3,64,128,924844032,0.009211191648169414
5,3,3,64,128,924844032,0.00825322579733933
5,3,3,64,128,924844032,0.008316168302222142
5,3,3,64,128,924844032,0.011592277997656712
5,3,3,64,128,924844032,0.008336672300024876
5,3,3,64,128,924844032,0.008238920682593236
5,3,3,64,128,924844032,0.008310684674902806
5,3,3,64,128,924844032,0.01160109948508347
5,3,3,64,128,924844032,0.008270868772192845
5,3,3,64,128,924844032,0.008342155927344212
5,3,3,64,128,924844032,0.008573898786230931
5,3,3,64,128,924844032,0.011597284787817838
5,3,3,64,128,924844032,0.011695036405249486
5,3,3,64,128,924844032,0.009204754346533665
5,3,3,64,128,924844032,0.008391746991797337
5,3,3,64,128,924844032,0.008728394025488743
5,3,3,64,128,924844032,0.008620628827734837
5,3,3,64,128,924844032,0.008230099195166478
5,3,3,64,128,924844032,0.00865615319602097
5,3,3,64,128,924844032,0.008524069303198697
5,3,3,64,128,924844032,0.008298048490210416
5,3,3,64,128,924844032,0.008232721799536595
5,3,3,64,128,924844032,0.008527168744727025
5,3,3,64,128,924844032,0.008350023740454564
5,3,3,64,128,924844032,0.008300432676001446
5,3,3,64,128,924844032,0.008353361600561986
5,3,3,64,128,924844032,0.008641371244116666
5,3,3,64,128,924844032,0.011701235288306126
5,3,3,64,128,924844032,0.009198078626318822
5,3,3,64,128,924844032,0.008626112455054166
5,3,3,64,128,924844032,0.008553633207007298
5,3,3,64,128,924844032,0.008386740201636197
5,3,3,64,128,924844032,0.008590826505347142
5,3,3,64,128,924844032,0.008580097669287572
5,3,3,64,128,924844032,0.008430847638769993
5,3,3,64,128,924844032,0.008485922330542447
5,3,3,64,128,924844032,0.008597979062720196
5,3,3,64,128,924844032,0.008535990232153783
5,3,3,64,128,924844032,0.009200224393530743
5,3,3,64,128,924844032,0.01169885110251511
5,3,3,64,128,924844032,0.00817407082907761
5,3,3,64,128,924844032,0.0081724018990239
5,3,3,64,128,924844032,0.008600601667090306
5,3,3,64,128,924844032,0.00858748864523972
5,3,3,64,128,924844032,0.008583197110815892
5,3,3,64,128,924844032,0.008470663541479947
5,3,3,64,128,924844032,0.008541473859473118
5,3,3,64,128,924844032,0.008492598050757298
5,3,3,64,128,924844032,0.008401998990698697
5,3,3,64,128,924844032,0.00847304772727097
5,3,3,64,128,924844032,0.008538851255103001
5,3,3,64,128,924844032,0.008494743817969212
5,3,3,64,128,924844032,0.008612999433203594
5,3,3,64,128,924844032,0.008548149579687962
5,3,3,64,128,924844032,0.00848210763327683
5,3,3,64,128,924844032,0.008506903165503392
5,3,3,64,128,924844032,0.008550056928320775
5,3,3,64,128,924844032,0.008637318128271947
5,3,3,64,128,924844032,0.008650907987280736
5,3,3,64,128,924844032,0.009607920163794414
5,3,3,64,128,924844032,0.008652338498755352
5,3,3,64,128,924844032,0.00844396066062058
5,3,3,64,128,924844032,0.008499989026709447
5,3,3,64,128,924844032,0.008634933942480931
5,3,3,64,128,924844032,0.008738407605811009
5,3,3,64,128,924844032,0.008737453931494603
5,3,3,64,128,924844032,0.008411535733862767
5,3,3,64,128,924844032,0.008411535733862767
5,3,3,64,128,924844032,0.008563646787329564
5,3,3,64,128,924844032,0.008562693113013164
5,3,3,64,128,924844032,0.008477816098853001
5,3,3,64,128,924844032,0.008503803723975072
5,3,3,64,128,924844032,0.008361944669409642
5,3,3,64,128,924844032,0.008375534528418431
5,3,3,64,128,924844032,0.00847924661032761
5,3,3,64,128,924844032,0.00850213479392136
5,3,3,64,128,924844032,0.008407721036597142
5,3,3,64,128,924844032,0.01128972482077683
5,3,3,64,128,924844032,0.00836313676230515
5,3,3,64,128,924844032,0.00960982751242722
5,3,3,64,128,924844032,0.008455881589575664
5,3,3,64,128,924844032,0.00845159005515183
5,3,3,64,128,924844032,0.008367189878149876
5,3,3,64,128,924844032,0.008452543729468236
5,3,3,64,128,924844032,0.008608231061621556
5,3,3,64,128,924844032,0.008438238614722142
5,3,3,64,128,924844032,0.008512386792822728
5,3,3,64,128,924844032,0.00836623620383347
5,3,3,64,128,924844032,0.008511671537085416
5,3,3,64,128,924844032,0.008426317685767064
5,3,3,64,128,924844032,0.008421310895605931
5,3,3,64,128,924844032,0.008458504193945775
5,3,3,64,128,924844032,0.008425602430029759
5,3,3,64,128,924844032,0.008422026151343236
5,3,3,64,128,924844032,0.00841511201254929
5,3,3,64,128,924844032,0.00841511201254929
5,3,3,64,128,924844032,0.008457550519629368
5,3,3,64,128,924844032,0.008379587644263164
5,3,3,64,128,924844032,0.00843943070761765
5,3,3,64,128,924844032,0.008631357663794414
5,3,3,64,128,924844032,0.00863183450095261
5,3,3,64,128,924844032,0.009611973279639134
5,3,3,64,128,924844032,0.008372911924048314
5,3,3,64,128,924844032,0.008373388761206517
5,3,3,64,128,924844032,0.009611496442480931
5,3,3,64,128,924844032,0.008405098432227025
5,3,3,64,128,924844032,0.008405575269385228
5,3,3,64,128,924844032,0.008609899991675267
5,3,3,64,128,924844032,0.008381018155737767
5,3,3,64,128,924844032,0.008609423154517064
5,3,3,64,128,924844032,0.008414396756811986
5,3,3,64,128,924844032,0.008380541318579564
5,3,3,64,128,924844032,0.008263239377661595
5,3,3,64,128,924844032,0.008263477796240697
5,3,3,64,128,924844032,0.011291155332251446
5,3,3,64,128,924844032,0.008462080472632298
5,3,3,64,128,924844032,0.008461842054053197
5,3,3,64,128,924844032,0.011290916913672344
5,3,3,64,128,924844032,0.00844109963767136
5,3,3,64,128,924844032,0.008440861219092259
5,3,3,64,128,924844032,0.008719810956641087
5,3,3,64,128,924844032,0.00872028779379929
5,3,3,64,128,924844032,0.008720049375220196
6,3,3,128,128,1849688064,0.010212878761051591
6,3,3,128,128,1849688064,0.008296231803654117
6,3,3,128,128,1849688064,0.009900550422428545
6,3,3,128,128,1849688064,0.007627467689274241
6,3,3,128,128,1849688064,0.010597924766300608
6,3,3,128,128,1849688064,0.008798579749821116
6,3,3,128,128,1849688064,0.008779029426334795
6,3,3,128,128,1849688064,0.008883456763981265
6,3,3,128,128,1849688064,0.010367612418888499
6,3,3,128,128,1849688064,0.010749082145450999
6,3,3,128,128,1849688064,0.00848935085272639
6,3,3,128,128,1849688064,0.010336141166447092
6,3,3,128,128,1849688064,0.008382062492130686
6,3,3,128,128,1849688064,0.010717610893009592
6,3,3,128,128,1849688064,0.01073263126349299
6,3,3,128,128,1849688064,0.00798604923224299
6,3,3,128,128,1849688064,0.006961326179264482
6,3,3,128,128,1849688064,0.0076591773602947485
6,3,3,128,128,1849688064,0.010676364478825015
6,3,3,128,128,1849688064,0.008179168281315263
6,3,3,128,128,1849688064,0.008179168281315263
6,3,3,128,128,1849688064,0.00803778606390803
6,3,3,128,128,1849688064,0.009936313209293765
6,3,3,128,128,1849688064,0.007679442939518381
6,3,3,128,128,1849688064,0.009929637489078928
6,3,3,128,128,1849688064,0.010307292518375796
6,3,3,128,128,1849688064,0.008028487739323069
6,3,3,128,128,1849688064,0.0070526404950603735
6,3,3,128,128,1849688064,0.010314206657169749
6,3,3,128,128,1849688064,0.00767157512640803
6,3,3,128,128,1849688064,0.01051638561224788
6,3,3,128,128,1849688064,0.010074119148014482
6,3,3,128,128,1849688064,0.010078649101017405
6,3,3,128,128,1849688064,0.010627965507267405
6,3,3,128,128,1849688064,0.008006553230045725
6,3,3,128,128,1849688064,0.010510186729191233
6,3,3,128,128,1849688064,0.010400037345646311
6,3,3,128,128,1849688064,0.007999400672672678
6,3,3,128,128,1849688064,0.00689957576727717
6,3,3,128,128,1849688064,0.007577638206242007
6,3,3,128,128,1849688064,0.007028321799992007
6,3,3,128,128,1849688064,0.008406142768619944
6,3,3,128,128,1849688064,0.007395009574650217
6,3,3,128,128,1849688064,0.008410911140201982
6,3,3,128,128,1849688064,0.008186082420109202
6,3,3,128,128,1849688064,0.00702307659125178
6,3,3,128,128,1849688064,0.007463435706852366
6,3,3,128,128,1849688064,0.006905297813175608
6,3,3,128,128,1849688064,0.010407905158756663
6,3,3,128,128,1849688064,0.00747321086859553
6,3,3,128,128,1849688064,0.0071344180676922095
6,3,3,128,128,1849688064,0.007481317100284983
6,3,3,128,128,1849688064,0.007513742027042795
6,3,3,128,128,1849688064,0.0069403453443035446
6,3,3,128,128,1849688064,0.010636786994694163
6,3,3,128,128,1849688064,0.00834439235663264
6,3,3,128,128,1849688064,0.01064393955206721
6,3,3,128,128,1849688064,0.007492045936344546
6,3,3,128,128,1849688064,0.007552842674015452
6,3,3,128,128,1849688064,0.010484914359806467
6,3,3,128,128,1849688064,0.007402877387760569
6,3,3,128,128,1849688064,0.006921987113712717
6,3,3,128,128,1849688064,0.00833533245062678
6,3,3,128,128,1849688064,0.007180671272037913
6,3,3,128,128,1849688064,0.008859614906071116
6,3,3,128,128,1849688064,0.008456449088810374
6,3,3,128,128,1849688064,0.008862475929020334
6,3,3,128,128,1849688064,0.010430554923771311
6,3,3,128,128,1849688064,0.00745032268500178
6,3,3,128,128,1849688064,0.0074150367352947485
6,3,3,128,128,1849688064,0.00722144084906428
6,3,3,128,128,1849688064,0.0073289676282390845
6,3,3,128,128,1849688064,0.010473708686588694
6,3,3,128,128,1849688064,0.006934146461246897
6,3,3,128,128,1849688064,0.006927947578190263
6,3,3,128,128,1849688064,0.007525424537418765
6,3,3,128,128,1849688064,0.010479430732487131
6,3,3,128,128,1849688064,0.0074112220380291235
6,3,3,128,128,1849688064,0.007266263541935367
6,3,3,128,128,1849688064,0.008339385566471513
6,3,3,128,128,1849688064,0.00729773479437678
6,3,3,128,128,1849688064,0.007259349403141428
6,3,3,128,128,1849688064,0.007192353782413889
6,3,3,128,128,1849688064,0.009198646125553545
6,3,3,128,128,1849688064,0.00920055347418635
6,3,3,128,128,1849688064,0.008451680717228342
6,3,3,128,128,1849688064,0.00723216968512385
6,3,3,128,128,1849688064,0.00722763973212092
6,3,3,128,128,1849688064,0.007294158515690263
6,3,3,128,128,1849688064,0.007118444022892405
6,3,3,128,128,1849688064,0.007536868629215647
6,3,3,128,128,1849688064,0.007536868629215647
6,3,3,128,128,1849688064,0.0073370738599285446
6,3,3,128,128,1849688064,0.007115582999943193
6,3,3,128,128,1849688064,0.007285813865421702
6,3,3,128,128,1849688064,0.007210473594425608
6,3,3,128,128,1849688064,0.007085542258976389
6,3,3,128,128,1849688064,0.0075311465833172095
6,3,3,128,128,1849688064,0.010455827293156077
6,3,3,128,128,1849688064,0.007281760749576975
6,3,3,128,128,1849688064,0.010461787757633609
6,3,3,128,128,1849688064,0.007541160163639482
6,3,3,128,128,1849688064,0.007103662070988108
6,3,3,128,128,1849688064,0.00844357448553889
6,3,3,128,128,1849688064,0.007105807838200015
6,3,3,128,128,1849688064,0.008445720252750796
6,3,3,128,128,1849688064,0.007273654517887515
6,3,3,128,128,1849688064,0.00720475154852717
6,3,3,128,128,1849688064,0.00720475154852717
6,3,3,128,128,1849688064,0.007198075828312327
6,3,3,128,128,1849688064,0.00756333309149592
6,3,3,128,128,1849688064,0.007276277122257639
6,3,3,128,128,1849688064,0.007318715629337717
6,3,3,128,128,1849688064,0.010458926734684397
6,3,3,128,128,1849688064,0.007320384559391428
6,3,3,128,128,1849688064,0.007503490028141428
6,3,3,128,128,1849688064,0.007501821098087717
6,3,3,128,128,1849688064,0.007081965980289866
6,3,3,128,128,1849688064,0.010658721503971513
6,3,3,128,128,1849688064,0.010657290992496897
6,3,3,128,128,1849688064,0.007144670066593577
6,3,3,128,128,1849688064,0.007171611366032046
6,3,3,128,128,1849688064,0.006997565803287913
6,3,3,128,128,1849688064,0.006996135291813296
6,3,3,128,128,1849688064,0.007352809486149241
6,3,3,128,128,1849688064,0.007201890525577952
6,3,3,128,128,1849688064,0.0070776744458660446
6,3,3,128,128,1849688064,0.007241944846867014
6,3,3,128,128,1849688064,0.007168273505924631
6,3,3,128,128,1849688064,0.0072433753583416235
6,3,3,128,128,1849688064,0.00735114055609553
6,3,3,128,128,1849688064,0.00737402873968928
6,3,3,128,128,1849688064,0.010441760596989084
6,3,3,128,128,1849688064,0.01044271427130549
6,3,3,128,128,1849688064,0.007147531089542795
6,3,3,128,128,1849688064,0.007169704017399241
6,3,3,128,128,1849688064,0.007075290260075015
6,3,3,128,128,1849688064,0.007567147788761545
6,3,3,128,128,1849688064,0.007566194114445139
6,3,3,128,128,1849688064,0.0071534915540203345
6,3,3,128,128,1849688064,0.007442931709049631
6,3,3,128,128,1849688064,0.007443646964786943
6,3,3,128,128,1849688064,0.010421018180607249
6,3,3,128,128,1849688064,0.010421733436344546
6,3,3,128,128,1849688064,0.00725052791571467
6,3,3,128,128,1849688064,0.007149915275333811
6,3,3,128,128,1849688064,0.007368068275211741
6,3,3,128,128,1849688064,0.0073466106030926
6,3,3,128,128,1849688064,0.007248620567081858
6,3,3,128,128,1849688064,0.006990174827335764
6,3,3,128,128,1849688064,0.006990651664493967
6,3,3,128,128,1849688064,0.007249335822819163
6,3,3,128,128,1849688064,0.007072667655704912
6,3,3,128,128,1849688064,0.007345656928776201
6,3,3,128,128,1849688064,0.007073144492863108
6,3,3,128,128,1849688064,0.0073692603681072485
6,3,3,128,128,1849688064,0.0073709292981609595
6,3,3,128,128,1849688064,0.0073709292981609595
6,3,3,128,128,1849688064,0.0071518226239666305
6,3,3,128,128,1849688064,0.00715134578680842
6,3,3,128,128,1849688064,0.007344226417301591
6,3,3,128,128,1849688064,0.007370452461002763
6,3,3,128,128,1849688064,0.007344464835880686
8,3,3,128,256,924844032,0.008064159162484923
8,3,3,128,256,924844032,0.006966003187143119
8,3,3,128,256,924844032,0.007739909894906791
8,3,3,128,256,924844032,0.006987699277841361
8,3,3,128,256,924844032,0.004856237180673392
8,3,3,128,256,924844032,0.006708511121713424
8,3,3,128,256,924844032,0.007520803220712455
8,3,3,128,256,924844032,0.005755313642465391
8,3,3,128,256,924844032,0.005576976545297423
8,3,3,128,256,924844032,0.006065257795297423
8,3,3,128,256,924844032,0.007765182264291556
8,3,3,128,256,924844032,0.007503637083017142
8,3,3,128,256,924844032,0.008178361661874564
8,3,3,128,256,924844032,0.0070468270854585485
8,3,3,128,256,924844032,0.006136306531869674
8,3,3,128,256,924844032,0.007792600400888236
8,3,3,128,256,924844032,0.007033475645028861
8,3,3,128,256,924844032,0.005429872281991745
8,3,3,128,256,924844032,0.008810170896493705
8,3,3,128,256,924844032,0.008798488386117728
8,3,3,128,256,924844032,0.006180175550424369
8,3,3,128,256,924844032,0.00498402953907183
8,3,3,128,256,924844032,0.005779632337533744
8,3,3,128,256,924844032,0.00850284934803179
8,3,3,128,256,924844032,0.004809745557748588
8,3,3,128,256,924844032,0.004817613370858939
8,3,3,128,256,924844032,0.008480438001596244
8,3,3,128,256,924844032,0.005380519636117728
8,3,3,128,256,924844032,0.005552657850229056
8,3,3,128,256,924844032,0.005542405851327689
8,3,3,128,256,924844032,0.009220966108285697
8,3,3,128,256,924844032,0.008320220716439994
8,3,3,128,256,924844032,0.009226449735605033
8,3,3,128,256,924844032,0.004957803495370658
8,3,3,128,256,924844032,0.008561500318490775
8,3,3,128,256,924844032,0.008257755048715391
8,3,3,128,256,924844032,0.005485900648080619
8,3,3,128,256,924844032,0.008725770719491745
8,3,3,128,256,924844032,0.008422740705453673
8,3,3,128,256,924844032,0.008668311841928275
8,3,3,128,256,924844032,0.0054713571147554235
8,3,3,128,256,924844032,0.008463510282480033
8,3,3,128,256,924844032,0.008541473157846244
8,3,3,128,256,924844032,0.00489867568775347
8,3,3,128,256,924844032,0.0083659970836275
8,3,3,128,256,924844032,0.008634933240854056
8,3,3,128,256,924844032,0.005011924512826713
8,3,3,128,256,924844032,0.00863994003101519
8,3,3,128,256,924844032,0.007630237348520072
8,3,3,128,256,924844032,0.007626184232675345
8,3,3,128,256,924844032,0.008236058958017142
8,3,3,128,256,924844032,0.005350478895150924
8,3,3,128,256,924844032,0.005239614255868705
8,3,3,128,256,924844032,0.00581563354297808
8,3,3,128,256,924844032,0.008290179975473197
8,3,3,128,256,924844032,0.008294471509897025
8,3,3,128,256,924844032,0.008527406461679252
8,3,3,128,256,924844032,0.005805381544076713
8,3,3,128,256,924844032,0.005108245618783744
8,3,3,128,256,924844032,0.005288490064584525
8,3,3,128,256,924844032,0.00844920516773394
8,3,3,128,256,924844032,0.00844920516773394
8,3,3,128,256,924844032,0.006107457883798392
8,3,3,128,256,924844032,0.00867808700367144
8,3,3,128,256,924844032,0.008532174833261283
8,3,3,128,256,924844032,0.005020507581674369
8,3,3,128,256,924844032,0.005207427747689994
8,3,3,128,256,924844032,0.005097993619882377
8,3,3,128,256,924844032,0.00869692207142047
8,3,3,128,256,924844032,0.0053399884776704695
8,3,3,128,256,924844032,0.008738883741342338
8,3,3,128,256,924844032,0.008684524305307174
8,3,3,128,256,924844032,0.005810149915658744
8,3,3,128,256,924844032,0.005229839094125541
8,3,3,128,256,924844032,0.008735545881234923
8,3,3,128,256,924844032,0.008010514982187071
8,3,3,128,256,924844032,0.00801289916797808
8,3,3,128,256,924844032,0.006681092985116759
8,3,3,128,256,924844032,0.006683477170907767
8,3,3,128,256,924844032,0.008692630536996641
8,3,3,128,256,924844032,0.005500921018564017
8,3,3,128,256,924844032,0.004921325452768119
8,3,3,128,256,924844032,0.008578189619027891
8,3,3,128,256,924844032,0.005512365110360885
8,3,3,128,256,924844032,0.008575805433236869
8,3,3,128,256,924844032,0.00512898803516558
8,3,3,128,256,924844032,0.005087264783822806
8,3,3,128,256,924844032,0.008246549375497611
8,3,3,128,256,924844032,0.00536597610279254
8,3,3,128,256,924844032,0.005148061521493705
8,3,3,128,256,924844032,0.005091079481088424
8,3,3,128,256,924844032,0.004909404523813041
8,3,3,128,256,924844032,0.005363353498422423
8,3,3,128,256,924844032,0.008243688352548392
8,3,3,128,256,924844032,0.005174287565194877
8,3,3,128,256,924844032,0.005076774366342338
8,3,3,128,256,924844032,0.00834859252735308
8,3,3,128,256,924844032,0.005300410993539603
8,3,3,128,256,924844032,0.005332597501718314
8,3,3,128,256,924844032,0.008442052610360885
8,3,3,128,256,924844032,0.008355029828988822
8,3,3,128,256,924844032,0.0049427831248872595
8,3,3,128,256,924844032,0.005038388975106986
8,3,3,128,256,924844032,0.0053035104350679235
8,3,3,128,256,924844032,0.00531257034107379
8,3,3,128,256,924844032,0.0053089940623872595
8,3,3,128,256,924844032,0.00782383323475054
8,3,3,128,256,924844032,0.00512493491932086
8,3,3,128,256,924844032,0.007822402723275924
8,3,3,128,256,924844032,0.0052691781596772985
8,3,3,128,256,924844032,0.005118497617685111
8,3,3,128,256,924844032,0.0050648534373872595
8,3,3,128,256,924844032,0.005030282743417533
8,3,3,128,256,924844032,0.005318053968393119
8,3,3,128,256,924844032,0.00518239379688433
8,3,3,128,256,924844032,0.008202680356942924
8,3,3,128,256,924844032,0.008204110868417533
8,3,3,128,256,924844032,0.004916318662606986
8,3,3,128,256,924844032,0.008352168806039603
8,3,3,128,256,924844032,0.00526488662525347
8,3,3,128,256,924844032,0.004913696058236869
8,3,3,128,256,924844032,0.005121120222055228
8,3,3,128,256,924844032,0.005185016401254447
8,3,3,128,256,924844032,0.008435376890146049
8,3,3,128,256,924844032,0.005254873044931205
8,3,3,128,256,924844032,0.00519002319141558
8,3,3,128,256,924844032,0.008437284238778861
8,3,3,128,256,924844032,0.00550640464588336
8,3,3,128,256,924844032,0.005508073575937071
8,3,3,128,256,924844032,0.0061007821635835485
8,3,3,128,256,924844032,0.005156644590341361
8,3,3,128,256,924844032,0.006101974256479056
8,3,3,128,256,924844032,0.006209739454232963
8,3,3,128,256,924844032,0.005067714460336478
8,3,3,128,256,924844032,0.006206878431283744
8,3,3,128,256,924844032,0.005035289533578673
8,3,3,128,256,924844032,0.005033382184945853
8,3,3,128,256,924844032,0.00545705200000933
8,3,3,128,256,924844032,0.005458005674325736
8,3,3,128,256,924844032,0.005275615461313041
8,3,3,128,256,924844032,0.005275615461313041
8,3,3,128,256,924844032,0.008336194761239799
8,3,3,128,256,924844032,0.008337148435556205
8,3,3,128,256,924844032,0.00620830894275836
8,3,3,128,256,924844032,0.005071767576181205
8,3,3,128,256,924844032,0.005070575483285697
8,3,3,128,256,924844032,0.005322822339975143
8,3,3,128,256,924844032,0.005164273984872611
8,3,3,128,256,924844032,0.004938968427621641
8,3,3,128,256,924844032,0.004939683683358939
8,3,3,128,256,924844032,0.0052768075542085485
8,3,3,128,256,924844032,0.005324014432870658
8,3,3,128,256,924844032,0.005198367841684141
8,3,3,128,256,924844032,0.00519765258594683
8,3,3,128,256,924844032,0.005165466077768119
8,3,3,128,256,924844032,0.005326637037240775
8,3,3,128,256,924844032,0.005222448118173392
8,3,3,128,256,924844032,0.005167611844980033
8,3,3,128,256,924844032,0.005222924955331595
8,3,3,128,256,924844032,0.00532592178150347
8,3,3,128,256,924844032,0.005166896589242728
8,3,3,128,256,924844032,0.005153545148813041
8,3,3,128,256,924844032,0.005154021985971244
8,3,3,128,256,924844032,0.005259402997934141
8,3,3,128,256,924844032,0.005194076307260306
8,3,3,128,256,924844032,0.005194314725839408
8,3,3,128,256,924844032,0.005258449323617728
8,3,3,128,256,924844032,0.00525868774219683
9,3,3,256,256,1849688064,0.010663021178472606
9,3,3,256,256,1849688064,0.01078556832813081
9,3,3,256,256,1849688064,0.007349718184698192
9,3,3,256,256,1849688064,0.010611522765386662
9,3,3,256,256,1849688064,0.009845960707891552
9,3,3,256,256,1849688064,0.006556022734869098
9,3,3,256,256,1849688064,0.010591972441900348
9,3,3,256,256,1849688064,0.00910257157825288
9,3,3,256,256,1849688064,0.006716240020025341
9,3,3,256,256,1849688064,0.00657724198840913
9,3,3,256,256,1849688064,0.010768879027593693
9,3,3,256,256,1849688064,0.009115446181524364
9,3,3,256,256,1849688064,0.006778228850591747
9,3,3,256,256,1849688064,0.01043771562122163
9,3,3,256,256,1849688064,0.010379779906499943
9,3,3,256,256,1849688064,0.007699955077398388
9,3,3,256,256,1849688064,0.007255066008794872
9,3,3,256,256,1849688064,0.007712114424932567
9,3,3,256,256,1849688064,0.009865272612798778
9,3,3,256,256,1849688064,0.007395732970464794
9,3,3,256,256,1849688064,0.006609428496587834
9,3,3,256,256,1849688064,0.009586561293829059
9,3,3,256,256,1849688064,0.007385004134405224
9,3,3,256,256,1849688064,0.009627807708013629
9,3,3,256,256,1849688064,0.009712684722173778
9,3,3,256,256,1849688064,0.00723694619678316
9,3,3,256,256,1849688064,0.007313955397832958
9,3,3,256,256,1849688064,0.006803739638555614
9,3,3,256,256,1849688064,0.00806950387500581
9,3,3,256,256,1849688064,0.007572877974737255
9,3,3,256,256,1849688064,0.009692895980108349
9,3,3,256,256,1849688064,0.007788408370245067
9,3,3,256,256,1849688064,0.007760751815069286
9,3,3,256,256,1849688064,0.009936082930791942
9,3,3,256,256,1849688064,0.007118690581548778
9,3,3,256,256,1849688064,0.009893644423711864
9,3,3,256,256,1849688064,0.009176958174932567
9,3,3,256,256,1849688064,0.010544050307500927
9,3,3,256,256,1849688064,0.007111776442754833
9,3,3,256,256,1849688064,0.00998138246082124
9,3,3,256,256,1849688064,0.010549533934820263
9,3,3,256,256,1849688064,0.007080066771734325
9,3,3,256,256,1849688064,0.008059728713262646
9,3,3,256,256,1849688064,0.009701002211797809
9,3,3,256,256,1849688064,0.007292020888555614
9,3,3,256,256,1849688064,0.010280359359014599
9,3,3,256,256,1849688064,0.010401952834356396
9,3,3,256,256,1849688064,0.006631601424444286
9,3,3,256,256,1849688064,0.007041919799078075
9,3,3,256,256,1849688064,0.007299173445928661
9,3,3,256,256,1849688064,0.009199607939947216
9,3,3,256,256,1849688064,0.009948480696905224
9,3,3,256,256,1849688064,0.008036602111089794
9,3,3,256,256,1849688064,0.006820190520513629
9,3,3,256,256,1849688064,0.010272491545904247
9,3,3,256,256,1849688064,0.009968984694707958
9,3,3,256,256,1849688064,0.008043039412725536
9,3,3,256,256,1849688064,0.007029283614385692
9,3,3,256,256,1849688064,0.009960163207281193
9,3,3,256,256,1849688064,0.008000600905645458
9,3,3,256,256,1849688064,0.008004892440069286
9,3,3,256,256,1849688064,0.00777195748828706
9,3,3,256,256,1849688064,0.007778156371343693
9,3,3,256,256,1849688064,0.00719212350391206
9,3,3,256,256,1849688064,0.00693272408984956
9,3,3,256,256,1849688064,0.009908903212774364
9,3,3,256,256,1849688064,0.007560480208623974
9,3,3,256,256,1849688064,0.009904850096929638
9,3,3,256,256,1849688064,0.0066444760277157705
9,3,3,256,256,1849688064,0.007197368712652294
9,3,3,256,256,1849688064,0.007017839522588817
9,3,3,256,256,1849688064,0.01011108216785249
9,3,3,256,256,1849688064,0.01011108216785249
9,3,3,256,256,1849688064,0.010243166060674755
9,3,3,256,256,1849688064,0.006988275618780224
9,3,3,256,256,1849688064,0.007551897139776317
9,3,3,256,256,1849688064,0.010031211943853466
9,3,3,256,256,1849688064,0.010153282256353466
9,3,3,256,256,1849688064,0.010134685607183544
9,3,3,256,256,1849688064,0.010191429229009716
9,3,3,256,256,1849688064,0.010415065856206981
9,3,3,256,256,1849688064,0.010117996306646442
9,3,3,256,256,1849688064,0.010193813414800738
9,3,3,256,256,1849688064,0.0069534665062313955
9,3,3,256,256,1849688064,0.010412443251836864
9,3,3,256,256,1849688064,0.0069017296745663564
9,3,3,256,256,1849688064,0.007555234999883739
9,3,3,256,256,1849688064,0.006897199721563427
9,3,3,256,256,1849688064,0.006860721678960888
9,3,3,256,256,1849688064,0.010219562621343693
9,3,3,256,256,1849688064,0.007060516448247997
9,3,3,256,256,1849688064,0.0067436581566220274
9,3,3,256,256,1849688064,0.006741750807989208
9,3,3,256,256,1849688064,0.0070085411980038564
9,3,3,256,256,1849688064,0.006656873793829059
9,3,3,256,256,1849688064,0.007011640639532177
9,3,3,256,256,1849688064,0.00699685868762788
9,3,3,256,256,1849688064,0.006888855071294872
9,3,3,256,256,1849688064,0.01001547631763277
9,3,3,256,256,1849688064,0.006994236083257756
9,3,3,256,256,1849688064,0.010049570174444286
9,3,3,256,256,1849688064,0.009608734221685497
9,3,3,256,256,1849688064,0.009610403151739208
9,3,3,256,256,1849688064,0.00690983590625581
9,3,3,256,256,1849688064,0.010127056212652294
9,3,3,256,256,1849688064,0.0069610959007626455
9,3,3,256,256,1849688064,0.010061491103399364
9,3,3,256,256,1849688064,0.010129678817022411
9,3,3,256,256,1849688064,0.006651151747930614
9,3,3,256,256,1849688064,0.010012853713262646
9,3,3,256,256,1849688064,0.01007150468372163
9,3,3,256,256,1849688064,0.010226238341558544
9,3,3,256,256,1849688064,0.01009129342578706
9,3,3,256,256,1849688064,0.010005462737310497
9,3,3,256,256,1849688064,0.010223377318609325
9,3,3,256,256,1849688064,0.0068831330253964415
9,3,3,256,256,1849688064,0.006921995253789989
9,3,3,256,256,1849688064,0.010046470732915966
9,3,3,256,256,1849688064,0.006653774352300738
9,3,3,256,256,1849688064,0.006849754424322216
9,3,3,256,256,1849688064,0.009188640685308544
9,3,3,256,256,1849688064,0.00919007119678316
9,3,3,256,256,1849688064,0.01000737008594331
9,3,3,256,256,1849688064,0.010234821410406193
9,3,3,256,256,1849688064,0.010232914061773388
9,3,3,256,256,1849688064,0.006885278792608349
9,3,3,256,256,1849688064,0.010042179198492138
9,3,3,256,256,1849688064,0.00684164819263277
9,3,3,256,256,1849688064,0.006871450515020458
9,3,3,256,256,1849688064,0.010085571379888629
9,3,3,256,256,1849688064,0.010100353331792912
9,3,3,256,256,1849688064,0.006945121855962841
9,3,3,256,256,1849688064,0.006972301573980412
9,3,3,256,256,1849688064,0.006946313948858349
9,3,3,256,256,1849688064,0.006838310332525341
9,3,3,256,256,1849688064,0.010087001891363231
9,3,3,256,256,1849688064,0.010147560210455028
9,3,3,256,256,1849688064,0.010148752303350536
9,3,3,256,256,1849688064,0.00697087106250581
9,3,3,256,256,1849688064,0.010255086989629833
9,3,3,256,256,1849688064,0.010254133315313427
9,3,3,256,256,1849688064,0.010097015471685497
9,3,3,256,256,1849688064,0.01003788766406831
9,3,3,256,256,1849688064,0.010039079756963817
9,3,3,256,256,1849688064,0.010098445983160106
9,3,3,256,256,1849688064,0.010066974730718693
9,3,3,256,256,1849688064,0.010066974730718693
9,3,3,256,256,1849688064,0.006845701308477489
9,3,3,256,256,1849688064,0.006914604277837834
9,3,3,256,256,1849688064,0.006846893401372997
9,3,3,256,256,1849688064,0.006965149016607379
9,3,3,256,256,1849688064,0.006966102690923778
9,3,3,256,256,1849688064,0.006918180556524364
9,3,3,256,256,1849688064,0.007065046401250927
9,3,3,256,256,1849688064,0.007064569564092724
9,3,3,256,256,1849688064,0.006867397399175738
9,3,3,256,256,1849688064,0.010066021056402294
9,3,3,256,256,1849688064,0.006868827910650348
9,3,3,256,256,1849688064,0.006868112654913036
9,3,3,256,256,1849688064,0.00691651162647066
9,3,3,256,256,1849688064,0.0069169884636288564
9,3,3,256,256,1849688064,0.0072069054558163564
9,3,3,256,256,1849688064,0.007206667037237255
9,3,3,256,256,1849688064,0.006834972472417912
9,3,3,256,256,1849688064,0.006835210890997014
10,3,3,256,256,1849688064,0.006700238314541911
10,3,3,256,256,1849688064,0.007580241290005764
10,3,3,256,256,1849688064,0.007177313891324123
10,3,3,256,256,1849688064,0.009326180544766513
10,3,3,256,256,1849688064,0.007559498873623935
10,3,3,256,256,1849688064,0.009846648302945224
10,3,3,256,256,1849688064,0.0086834040555087
10,3,3,256,256,1849688064,0.008354863253506747
10,3,3,256,256,1849688064,0.009523829546841715
10,3,3,256,256,1849688064,0.008697232333096591
10,3,3,256,256,1849688064,0.008369168368252841
10,3,3,256,256,1849688064,0.009540280428799716
10,3,3,256,256,1849688064,0.006967028704556552
10,3,3,256,256,1849688064,0.006653031435879801
10,3,3,256,256,1849688064,0.0073330012234774505
10,3,3,256,256,1849688064,0.006632050600918864
10,3,3,256,256,1849688064,0.006298503008755764
10,3,3,256,256,1849688064,0.008929928866299716
10,3,3,256,256,1849688064,0.007793864336880764
10,3,3,256,256,1849688064,0.009914597597989162
10,3,3,256,256,1849688064,0.00559850606051359
10,3,3,256,256,1849688064,0.006195744601162997
10,3,3,256,256,1849688064,0.006593665209683512
10,3,3,256,256,1849688064,0.009885510531338779
10,3,3,256,256,1849688064,0.006578644839200114
10,3,3,256,256,1849688064,0.006437024203213779
10,3,3,256,256,1849688064,0.009289702502163974
10,3,3,256,256,1849688064,0.008983096209439365
10,3,3,256,256,1849688064,0.009900054064663974
10,3,3,256,256,1849688064,0.007411202517422763
10,3,3,256,256,1849688064,0.006485184756192301
10,3,3,256,256,1849688064,0.006476124850186435
10,3,3,256,256,1849688064,0.0092773047360507
10,3,3,256,256,1849688064,0.009093245592984286
10,3,3,256,256,1849688064,0.006421765414151279
10,3,3,256,256,1849688064,0.0067870226773348655
10,3,3,256,256,1849688064,0.007819375124844638
10,3,3,256,256,1849688064,0.005626162615689365
10,3,3,256,256,1849688064,0.007399281588467685
10,3,3,256,256,1849688064,0.005616149035367099
10,3,3,256,256,1849688064,0.006131133166226474
10,3,3,256,256,1849688064,0.007727345553311435
10,3,3,256,256,1849688064,0.006938180056485263
10,3,3,256,256,1849688064,0.0078124609860507
10,3,3,256,256,1849688064,0.005865058031949123
10,3,3,256,256,1849688064,0.00568648251620206
10,3,3,256,256,1849688064,0.005914887514981364
10,3,3,256,256,1849688064,0.005653103915127841
10,3,3,256,256,1849688064,0.005661210146817287
10,3,3,256,256,1849688064,0.007712086764248935
10,3,3,256,256,1849688064,0.006240567294034091
10,3,3,256,256,1849688064,0.006405076113614162
10,3,3,256,256,1849688064,0.007364234057339762
10,3,3,256,256,1849688064,0.006100138750943264
10,3,3,256,256,1849688064,0.006271084872159091
10,3,3,256,256,1849688064,0.008867224779996012
10,3,3,256,256,1849688064,0.005844315615567287
10,3,3,256,256,1849688064,0.005844315615567287
10,3,3,256,256,1849688064,0.006174525347622965
10,3,3,256,256,1849688064,0.006382664767178622
10,3,3,256,256,1849688064,0.00624795826998624
10,3,3,256,256,1849688064,0.006394108858975497
10,3,3,256,256,1849688064,0.00626369389620695
10,3,3,256,256,1849688064,0.005880316821011623
10,3,3,256,256,1849688064,0.0056981650265780365
10,3,3,256,256,1849688064,0.007719000903042873
10,3,3,256,256,1849688064,0.009044846621426662
10,3,3,256,256,1849688064,0.005764445391568264
10,3,3,256,256,1849688064,0.006020983782681552
10,3,3,256,256,1849688064,0.0073804465207186615
10,3,3,256,256,1849688064,0.009231289950284091
10,3,3,256,256,1849688064,0.005754670229825114
10,3,3,256,256,1849688064,0.0071384516629305755
10,3,3,256,256,1849688064,0.008876046267422763
10,3,3,256,256,1849688064,0.0059728232297030365
10,3,3,256,256,1849688064,0.006743630495938388
10,3,3,256,256,1849688064,0.006748398867520412
10,3,3,256,256,1849688064,0.007373293963345615
10,3,3,256,256,1849688064,0.008891543475064365
10,3,3,256,256,1849688064,0.006064614382657138
10,3,3,256,256,1849688064,0.005742987719449123
10,3,3,256,256,1849688064,0.009051522341641513
10,3,3,256,256,1849688064,0.007122477618130764
10,3,3,256,256,1849688064,0.0088359919461337
10,3,3,256,256,1849688064,0.006164273348721591
10,3,3,256,256,1849688064,0.005821189013394436
10,3,3,256,256,1849688064,0.00713201436129484
10,3,3,256,256,1849688064,0.005715092745694247
10,3,3,256,256,1849688064,0.00916238698092374
10,3,3,256,256,1849688064,0.006921490755948154
10,3,3,256,256,1849688064,0.009157380190762614
10,3,3,256,256,1849688064,0.008886536684903239
10,3,3,256,256,1849688064,0.005836209383877841
10,3,3,256,256,1849688064,0.005709132281216715
10,3,3,256,256,1849688064,0.006926259127530185
10,3,3,256,256,1849688064,0.006357392397793864
10,3,3,256,256,1849688064,0.00938030156222256
10,3,3,256,256,1849688064,0.009377440539273349
10,3,3,256,256,1849688064,0.006012639132412997
10,3,3,256,256,1849688064,0.009247263995083903
10,3,3,256,256,1849688064,0.00849862965670499
10,3,3,256,256,1849688064,0.00572915944186124
10,3,3,256,256,1849688064,0.009243210879239162
10,3,3,256,256,1849688064,0.005734881487759677
10,3,3,256,256,1849688064,0.006145676699551662
10,3,3,256,256,1849688064,0.005792101946744052
10,3,3,256,256,1849688064,0.009063443270596591
10,3,3,256,256,1849688064,0.009118756380948154
10,3,3,256,256,1849688064,0.005779704180630764
10,3,3,256,256,1849688064,0.0054311362179842865
10,3,3,256,256,1849688064,0.0054332819851962005
10,3,3,256,256,1849688064,0.0061559286984530365
10,3,3,256,256,1849688064,0.0060453024777499115
10,3,3,256,256,1849688064,0.005783518877896403
10,3,3,256,256,1849688064,0.006000956622037014
10,3,3,256,256,1849688064,0.006150921908291911
10,3,3,256,256,1849688064,0.006004532900723551
10,3,3,256,256,1849688064,0.008965930071744052
10,3,3,256,256,1849688064,0.008968075838955966
10,3,3,256,256,1849688064,0.005899151888760654
10,3,3,256,256,1849688064,0.009071787920865153
10,3,3,256,256,1849688064,0.006087502566250888
10,3,3,256,256,1849688064,0.0092162695798007
10,3,3,256,256,1849688064,0.00636549862948331
10,3,3,256,256,1849688064,0.009123524752530185
10,3,3,256,256,1849688064,0.007110318270596591
10,3,3,256,256,1849688064,0.009140214053067287
10,3,3,256,256,1849688064,0.005985697832974514
10,3,3,256,256,1849688064,0.005983313647183512
10,3,3,256,256,1849688064,0.0063628760251132
10,3,3,256,256,1849688064,0.007112464037808512
10,3,3,256,256,1849688064,0.009068926897915927
10,3,3,256,256,1849688064,0.009201726046475497
10,3,3,256,256,1849688064,0.006542405215176662
10,3,3,256,256,1849688064,0.0058126059445467865
10,3,3,256,256,1849688064,0.006544074145230373
10,3,3,256,256,1849688064,0.006084164706143466
10,3,3,256,256,1849688064,0.00919338139620695
10,3,3,256,256,1849688064,0.008492192355069247
10,3,3,256,256,1849688064,0.0060758200558749115
10,3,3,256,256,1849688064,0.009196242419156161
10,3,3,256,256,1849688064,0.00849409970370206
10,3,3,256,256,1849688064,0.005940875140103427
10,3,3,256,256,1849688064,0.006078204241665927
10,3,3,256,256,1849688064,0.005942544070157138
10,3,3,256,256,1849688064,0.0068943110379305755
10,3,3,256,256,1849688064,0.005893906680020412
10,3,3,256,256,1849688064,0.009180983630093661
10,3,3,256,256,1849688064,0.009182175722989162
10,3,3,256,256,1849688064,0.005895337191495029
10,3,3,256,256,1849688064,0.006772955981167873
10,3,3,256,256,1849688064,0.0067739096554842865
10,3,3,256,256,1849688064,0.00921126278963956
10,3,3,256,256,1849688064,0.006897172060879801
10,3,3,256,256,1849688064,0.009135207262906161
10,3,3,256,256,1849688064,0.005807599154385661
10,3,3,256,256,1849688064,0.005806407061490153
10,3,3,256,256,1849688064,0.005955657092007724
10,3,3,256,256,1849688064,0.005954941836270412
10,3,3,256,256,1849688064,0.006896218386563388
10,3,3,256,256,1849688064,0.00913353833285245
10,3,3,256,256,1849688064,0.009208878603848551
10,3,3,256,256,1849688064,0.008829077807339762
10,3,3,256,256,1849688064,0.008829554644497965
10,3,3,256,256,1849688064,0.009209593859585849
10,3,3,256,256,1849688064,0.006050309267911037
10,3,3,256,256,1849688064,0.00605007084933195
10,3,3,256,256,1849688064,0.005802592364224514
10,3,3,256,256,1849688064,0.005802830782803622
10,3,3,256,256,1849688064,0.00913186940279874
10,3,3,256,256,1849688064,0.009132107821377841
12,3,3,256,512,924844032,0.008139851746285794
12,3,3,256,512,924844032,0.007034781632150051
12,3,3,256,512,924844032,0.006278041062081692
12,3,3,256,512,924844032,0.008029225525582669
12,3,3,256,512,924844032,0.004945519623483066
12,3,3,256,512,924844032,0.004937413391793599
12,3,3,256,512,924844032,0.008120301422799465
12,3,3,256,512,924844032,0.004671576676095364
12,3,3,256,512,924844032,0.0047731429907926295
12,3,3,256,512,924844032,0.004166844544137349
12,3,3,256,512,924844032,0.006211760697091465
12,3,3,256,512,924844032,0.004149678406442037
12,3,3,256,512,924844032,0.007995370087350233
12,3,3,256,512,924844032,0.004812243637765286
12,3,3,256,512,924844032,0.00710821455451334
12,3,3,256,512,924844032,0.007308962998116841
12,3,3,256,512,924844032,0.004433158096993801
12,3,3,256,512,924844032,0.004802468476022129
12,3,3,256,512,924844032,0.004123690781319973
12,3,3,256,512,924844032,0.0044815570685514255
12,3,3,256,512,924844032,0.007322552857125637
12,3,3,256,512,924844032,0.004098656830514316
12,3,3,256,512,924844032,0.007190230545724277
12,3,3,256,512,924844032,0.004495385346139316
12,3,3,256,512,924844032,0.004375460800851223
12,3,3,256,512,924844032,0.007921698746407864
12,3,3,256,512,924844032,0.007224324402535787
12,3,3,256,512,924844032,0.004459860977853176
12,3,3,256,512,924844032,0.007907155213082669
12,3,3,256,512,924844032,0.004448655304635403
12,3,3,256,512,924844032,0.004362109360421536
12,3,3,256,512,924844032,0.006256106552804341
12,3,3,256,512,924844032,0.008206132111276028
12,3,3,256,512,924844032,0.008211854157174465
12,3,3,256,512,924844032,0.004110100922311191
12,3,3,256,512,924844032,0.007395747360909817
12,3,3,256,512,924844032,0.0071992904517301295
12,3,3,256,512,924844032,0.004513505158151028
12,3,3,256,512,924844032,0.007215264496529941
12,3,3,256,512,924844032,0.004325154480660787
12,3,3,256,512,924844032,0.004310134110177388
12,3,3,256,512,924844032,0.007747414765084622
12,3,3,256,512,924844032,0.0075252086493619655
12,3,3,256,512,924844032,0.007763150391305325
12,3,3,256,512,924844032,0.0042810470435270045
12,3,3,256,512,924844032,0.008093360123360989
12,3,3,256,512,924844032,0.008370164093697903
12,3,3,256,512,924844032,0.007833960709298489
12,3,3,256,512,924844032,0.008374932465279934
12,3,3,256,512,924844032,0.008086684403146145
12,3,3,256,512,924844032,0.007823708710397122
12,3,3,256,512,924844032,0.0046465427252897
12,3,3,256,512,924844032,0.0076358348700650905
12,3,3,256,512,924844032,0.0046510726782926295
12,3,3,256,512,924844032,0.00806594198676431
12,3,3,256,512,924844032,0.007871392426217434
12,3,3,256,512,924844032,0.007384303269112942
12,3,3,256,512,924844032,0.007459405121529941
12,3,3,256,512,924844032,0.004200699982369792
12,3,3,256,512,924844032,0.007644417938912733
12,3,3,256,512,924844032,0.00768614119025552
12,3,3,256,512,924844032,0.007273200211251614
12,3,3,256,512,924844032,0.007276538071359036
12,3,3,256,512,924844032,0.004255059418404941
12,3,3,256,512,924844032,0.008054021057809245
12,3,3,256,512,924844032,0.0077753097388395045
12,3,3,256,512,924844032,0.007376197037423489
12,3,3,256,512,924844032,0.007973197159493801
12,3,3,256,512,924844032,0.007809165177071926
12,3,3,256,512,924844032,0.007539036926949849
12,3,3,256,512,924844032,0.007534506973946926
12,3,3,256,512,924844032,0.00805831259223306
12,3,3,256,512,924844032,0.007692340073312161
12,3,3,256,512,924844032,0.007430556473458638
12,3,3,256,512,924844032,0.007430556473458638
12,3,3,256,512,924844032,0.006240847763741848
12,3,3,256,512,924844032,0.004243138489449849
12,3,3,256,512,924844032,0.004250052628243801
12,3,3,256,512,924844032,0.00712609594794595
12,3,3,256,512,924844032,0.007123711762154941
12,3,3,256,512,924844032,0.0075807601782926295
12,3,3,256,512,924844032,0.004401686844552388
12,3,3,256,512,924844032,0.0043993026587613865
12,3,3,256,512,924844032,0.004294398483956692
12,3,3,256,512,924844032,0.004291537461007473
12,3,3,256,512,924844032,0.004708531555856099
12,3,3,256,512,924844032,0.007888796982491834
12,3,3,256,512,924844032,0.004710677323068027
12,3,3,256,512,924844032,0.00795626944037759
12,3,3,256,512,924844032,0.006233218369210598
12,3,3,256,512,924844032,0.007886174378121745
12,3,3,256,512,924844032,0.0042102367255338405
12,3,3,256,512,924844032,0.007472994980538723
12,3,3,256,512,924844032,0.0042068988654264255
12,3,3,256,512,924844032,0.0077846080634244655
12,3,3,256,512,924844032,0.007470610794747701
12,3,3,256,512,924844032,0.004342797455514316
12,3,3,256,512,924844032,0.004340651688302388
12,3,3,256,512,924844032,0.007781747040475233
12,3,3,256,512,924844032,0.006236317810738912
12,3,3,256,512,924844032,0.007709744629586575
12,3,3,256,512,924844032,0.007860663590157864
12,3,3,256,512,924844032,0.007700923142159817
12,3,3,256,512,924844032,0.0042254955145963405
12,3,3,256,512,924844032,0.004747870621407864
12,3,3,256,512,924844032,0.004749539551461575
12,3,3,256,512,924844032,0.007950308975900051
12,3,3,256,512,924844032,0.007704022583688137
12,3,3,256,512,924844032,0.007851603684152005
12,3,3,256,512,924844032,0.007435324845040676
12,3,3,256,512,924844032,0.007666590866769192
12,3,3,256,512,924844032,0.007441046890939114
12,3,3,256,512,924844032,0.007964852509225233
12,3,3,256,512,924844032,0.00796699827643716
12,3,3,256,512,924844032,0.00423407858344399
12,3,3,256,512,924844032,0.007944586930001614
12,3,3,256,512,924844032,0.007558825669015286
12,3,3,256,512,924844032,0.007607224640572903
12,3,3,256,512,924844032,0.007616284546578762
12,3,3,256,512,924844032,0.007715466675485012
12,3,3,256,512,924844032,0.0077219039771207545
12,3,3,256,512,924844032,0.00785708731147134
12,3,3,256,512,924844032,0.007614615616525051
12,3,3,256,512,924844032,0.007946494278634426
12,3,3,256,512,924844032,0.007854464707101223
12,3,3,256,512,924844032,0.007717850861276028
12,3,3,256,512,924844032,0.007352832016671536
12,3,3,256,512,924844032,0.004229071793282864
12,3,3,256,512,924844032,0.004231217560494778
12,3,3,256,512,924844032,0.007604602036202786
12,3,3,256,512,924844032,0.007349494156564114
12,3,3,256,512,924844032,0.007555487808907864
12,3,3,256,512,924844032,0.004531148133004537
12,3,3,256,512,924844032,0.00759649580451334
12,3,3,256,512,924844032,0.007350924668038723
12,3,3,256,512,924844032,0.007601264176095364
12,3,3,256,512,924844032,0.007556679901803379
12,3,3,256,512,924844032,0.0077288181159147
12,3,3,256,512,924844032,0.00766325300666177
12,3,3,256,512,924844032,0.007662060913766262
12,3,3,256,512,924844032,0.004559281525338514
12,3,3,256,512,924844032,0.007366898712838514
12,3,3,256,512,924844032,0.007366183457101223
12,3,3,256,512,924844032,0.004533293900216451
12,3,3,256,512,924844032,0.004063132462228176
12,3,3,256,512,924844032,0.0040636092993863865
12,3,3,256,512,924844032,0.004532578644479153
12,3,3,256,512,924844032,0.007801774201119778
12,3,3,256,512,924844032,0.007802251038277995
12,3,3,256,512,924844032,0.007657530960763333
12,3,3,256,512,924844032,0.007658007797921536
12,3,3,256,512,924844032,0.007726910767281887
12,3,3,256,512,924844032,0.0077273876044400905
12,3,3,256,512,924844032,0.007598879990304341
12,3,3,256,512,924844032,0.007598403153146138
12,3,3,256,512,924844032,0.0070102245185025905
12,3,3,256,512,924844032,0.007010462937081692
12,3,3,256,512,924844032,0.007586482224191067
12,3,3,256,512,924844032,0.0075862438056119655
12,3,3,256,512,924844032,0.007445576843942037
12,3,3,256,512,924844032,0.007445338425362942
12,3,3,256,512,924844032,0.004560712036813137
12,3,3,256,512,924844032,0.004560473618234036
13,3,3,512,512,1849688064,0.00938243953728237
13,3,3,512,512,1849688064,0.010714722557301902
13,3,3,512,512,1849688064,0.013156128807301902
13,3,3,512,512,1849688064,0.011316967888112435
13,3,3,512,512,1849688064,0.011240435524220847
13,3,3,512,512,1849688064,0.011673165245290197
13,3,3,512,512,1849688064,0.009784174843068504
13,3,3,512,512,1849688064,0.010400248451466941
13,3,3,512,512,1849688064,0.01148052303337612
13,3,3,512,512,1849688064,0.009954167289967918
13,3,3,512,512,1849688064,0.010373307152028464
13,3,3,512,512,1849688064,0.011117888374562644
13,3,3,512,512,1849688064,0.013627005501027488
13,3,3,512,512,1849688064,0.010210705681081185
13,3,3,512,512,1849688064,0.00958366481804409
13,3,3,512,512,1849688064,0.013552618904347787
13,3,3,512,512,1849688064,0.010866356773610496
13,3,3,512,512,1849688064,0.011420441551442527
13,3,3,512,512,1849688064,0.010079337043996238
13,3,3,512,512,1849688064,0.009732676429982566
13,3,3,512,512,1849688064,0.011450243873830222
13,3,3,512,512,1849688064,0.011566353721852697
13,3,3,512,512,1849688064,0.010002327842946447
13,3,3,512,512,1849688064,0.009751749916310691
13,3,3,512,512,1849688064,0.01155204860710659
13,3,3,512,512,1849688064,0.011205149574513816
13,3,3,512,512,1849688064,0.009984684868092918
13,3,3,512,512,1849688064,0.010156584663625144
13,3,3,512,512,1849688064,0.009154749794240379
13,3,3,512,512,1849688064,0.009190274162526511
13,3,3,512,512,1849688064,0.010626507683034324
13,3,3,512,512,1849688064,0.010638428611989402
13,3,3,512,512,1849688064,0.010760975761647605
13,3,3,512,512,1849688064,0.010307742042775535
13,3,3,512,512,1849688064,0.012208653373952293
13,3,3,512,512,1849688064,0.009228897972340964
13,3,3,512,512,1849688064,0.013582421226735496
13,3,3,512,512,1849688064,0.013597918434377097
13,3,3,512,512,1849688064,0.012786103172536277
13,3,3,512,512,1849688064,0.009131861610646629
13,3,3,512,512,1849688064,0.011846257133717918
13,3,3,512,512,1849688064,0.010292721672292136
13,3,3,512,512,1849688064,0.01310701458000698
13,3,3,512,512,1849688064,0.012116146965260886
13,3,3,512,512,1849688064,0.009869767112965964
13,3,3,512,512,1849688064,0.013117266578908347
13,3,3,512,512,1849688064,0.009860707206960105
13,3,3,512,512,1849688064,0.00921435443901577
13,3,3,512,512,1849688064,0.010536385460133947
13,3,3,512,512,1849688064,0.010527802391286277
13,3,3,512,512,1849688064,0.012233210487599754
13,3,3,512,512,1849688064,0.009541226310964011
13,3,3,512,512,1849688064,0.012875986976857566
13,3,3,512,512,1849688064,0.011933756752248191
13,3,3,512,512,1849688064,0.011866284294362435
13,3,3,512,512,1849688064,0.009503079338307761
13,3,3,512,512,1849688064,0.012265396995778464
13,3,3,512,512,1849688064,0.01225085346245327
13,3,3,512,512,1849688064,0.009046030922170066
13,3,3,512,512,1849688064,0.01424975482964077
13,3,3,512,512,1849688064,0.014244509620900535
13,3,3,512,512,1849688064,0.012627554817433738
13,3,3,512,512,1849688064,0.012614203377004037
13,3,3,512,512,1849688064,0.012454224510426902
13,3,3,512,512,1849688064,0.009526921196217918
13,3,3,512,512,1849688064,0.01399059383415737
13,3,3,512,512,1849688064,0.013985587043996238
13,3,3,512,512,1849688064,0.012081099434132957
13,3,3,512,512,1849688064,0.011964751167531394
13,3,3,512,512,1849688064,0.009514046592946447
13,3,3,512,512,1849688064,0.012088013572926902
13,3,3,512,512,1849688064,0.012171936912770652
13,3,3,512,512,1849688064,0.01241107074760952
13,3,3,512,512,1849688064,0.012713385505910287
13,3,3,512,512,1849688064,0.009058667106862435
13,3,3,512,512,1849688064,0.011156989021535287
13,3,3,512,512,1849688064,0.009011221809621238
13,3,3,512,512,1849688064,0.01247520534538784
13,3,3,512,512,1849688064,0.012688113136525535
13,3,3,512,512,1849688064,0.01090355007195034
13,3,3,512,512,1849688064,0.012755585594411277
13,3,3,512,512,1849688064,0.010898781700368308
13,3,3,512,512,1849688064,0.012695742531056785
13,3,3,512,512,1849688064,0.009016705436940574
13,3,3,512,512,1849688064,0.011809779091115379
13,3,3,512,512,1849688064,0.01246447650932827
13,3,3,512,512,1849688064,0.010128928108449363
13,3,3,512,512,1849688064,0.012163592262502097
13,3,3,512,512,1849688064,0.011802864952321447
13,3,3,512,512,1849688064,0.012292576713796043
13,3,3,512,512,1849688064,0.012297583503957175
13,3,3,512,512,1849688064,0.012747956199880027
13,3,3,512,512,1849688064,0.012726498527760886
13,3,3,512,512,1849688064,0.01273460475945034
13,3,3,512,512,1849688064,0.011783314628835105
13,3,3,512,512,1849688064,0.012033654136891746
13,3,3,512,512,1849688064,0.012494040413136863
13,3,3,512,512,1849688064,0.009099675102467918
13,3,3,512,512,1849688064,0.011788321418996238
13,3,3,512,512,1849688064,0.01202960102104702
13,3,3,512,512,1849688064,0.011888934059377097
13,3,3,512,512,1849688064,0.01078457920097866
13,3,3,512,512,1849688064,0.011977387352223777
13,3,3,512,512,1849688064,0.010781241340871238
13,3,3,512,512,1849688064,0.01251335231804409
13,3,3,512,512,1849688064,0.012849760933156394
13,3,3,512,512,1849688064,0.012350750847096824
13,3,3,512,512,1849688064,0.012551022453542136
13,3,3,512,512,1849688064,0.01258058635735073
13,3,3,512,512,1849688064,0.008939457817311668
13,3,3,512,512,1849688064,0.012501431389089011
13,3,3,512,512,1849688064,0.012557459755177879
13,3,3,512,512,1849688064,0.011895609779591941
13,3,3,512,512,1849688064,0.012507153434987435
13,3,3,512,512,1849688064,0.01239891140007534
13,3,3,512,512,1849688064,0.011901808662648596
13,3,3,512,512,1849688064,0.012401772423024558
13,3,3,512,512,1849688064,0.008933020515675925
13,3,3,512,512,1849688064,0.01265688030266323
13,3,3,512,512,1849688064,0.01265688030266323
13,3,3,512,512,1849688064,0.01025505153679409
13,3,3,512,512,1849688064,0.010256958885426902
13,3,3,512,512,1849688064,0.012590123100514793
13,3,3,512,512,1849688064,0.009091092033620261
13,3,3,512,512,1849688064,0.011732769890065574
13,3,3,512,512,1849688064,0.012587500496144675
13,3,3,512,512,1849688064,0.012146426124806785
13,3,3,512,512,1849688064,0.012148333473439597
13,3,3,512,512,1849688064,0.008935643120046043
13,3,3,512,512,1849688064,0.009076786918874168
13,3,3,512,512,1849688064,0.012567711754079246
13,3,3,512,512,1849688064,0.012565804405446447
13,3,3,512,512,1849688064,0.009079409523244285
13,3,3,512,512,1849688064,0.012334299965138816
13,3,3,512,512,1849688064,0.009086562080617346
13,3,3,512,512,1849688064,0.009084177894826316
13,3,3,512,512,1849688064,0.012654734535451316
13,3,3,512,512,1849688064,0.011725855751271629
13,3,3,512,512,1849688064,0.012817812843556785
13,3,3,512,512,1849688064,0.012818766517873191
13,3,3,512,512,1849688064,0.011729193611379037
13,3,3,512,512,1849688064,0.012534094734425925
13,3,3,512,512,1849688064,0.012857151909108543
13,3,3,512,512,1849688064,0.011911345405812644
13,3,3,512,512,1849688064,0.012856198234792136
13,3,3,512,512,1849688064,0.011910391731496238
13,3,3,512,512,1849688064,0.01172752468132534
13,3,3,512,512,1849688064,0.011167241020436668
13,3,3,512,512,1849688064,0.011166764183278464
13,3,3,512,512,1849688064,0.010119391365285287
13,3,3,512,512,1849688064,0.010119868202443504
13,3,3,512,512,1849688064,0.01199908344292202
13,3,3,512,512,1849688064,0.011998606605763816
13,3,3,512,512,1849688064,0.011986685676808738
13,3,3,512,512,1849688064,0.011987162513966941
13,3,3,512,512,1849688064,0.012537432594533347
13,3,3,512,512,1849688064,0.012340498848195457
13,3,3,512,512,1849688064,0.012339783592458152
13,3,3,512,512,1849688064,0.01253624050163784
13,3,3,512,512,1849688064,0.012338353080983543
13,3,3,512,512,1849688064,0.012536717338796043
13,3,3,512,512,1849688064,0.012338829918141746
13,3,3,512,512,1849688064,0.011357975883717918
13,3,3,512,512,1849688064,0.011357737465138816
14,3,3,512,512,1849688064,0.009685565785663888
14,3,3,512,512,1849688064,0.0132275121967967
14,3,3,512,512,1849688064,0.0085580843250926
14,3,3,512,512,1849688064,0.015541364506977365
14,3,3,512,512,1849688064,0.00853376563002424
14,3,3,512,512,1849688064,0.010517885045307443
14,3,3,512,512,1849688064,0.0105722444813426
14,3,3,512,512,1849688064,0.014648486928242013
14,3,3,512,512,1849688064,0.009762813405292795
14,3,3,512,512,1849688064,0.013525773839252755
14,3,3,512,512,1849688064,0.015154887990253732
14,3,3,512,512,1849688064,0.012961198643940255
14,3,3,512,512,1849688064,0.014033843831318185
14,3,3,512,512,1849688064,0.009554197148578913
14,3,3,512,512,1849688064,0.009577323750751779
14,3,3,512,512,1849688064,0.013433744267719552
14,3,3,512,512,1849688064,0.009733964757221505
14,3,3,512,512,1849688064,0.015470792607563302
14,3,3,512,512,1849688064,0.010376025990742013
14,3,3,512,512,1849688064,0.011333038167255685
14,3,3,512,512,1849688064,0.0128915804188426
14,3,3,512,512,1849688064,0.01549940283705549
14,3,3,512,512,1849688064,0.009297658757465646
14,3,3,512,512,1849688064,0.015115787343281062
14,3,3,512,512,1849688064,0.013282825307148263
14,3,3,512,512,1849688064,0.01104836638380842
14,3,3,512,512,1849688064,0.009203245000141413
14,3,3,512,512,1849688064,0.011209775761860163
14,3,3,512,512,1849688064,0.009276201085346505
14,3,3,512,512,1849688064,0.009059240178364084
14,3,3,512,512,1849688064,0.009009649113910972
14,3,3,512,512,1849688064,0.00917320425917463
14,3,3,512,512,1849688064,0.009127189473408029
14,3,3,512,512,1849688064,0.011265565709369943
14,3,3,512,512,1849688064,0.00897484000136213
14,3,3,512,512,1849688064,0.009095956639545724
14,3,3,512,512,1849688064,0.011241008595722482
14,3,3,512,512,1849688064,0.011083175496357248
14,3,3,512,512,1849688064,0.011130143956440255
14,3,3,512,512,1849688064,0.014462520436542795
14,3,3,512,512,1849688064,0.011911203221576974
14,3,3,512,512,1849688064,0.014888574437397287
14,3,3,512,512,1849688064,0.01503091032912092
14,3,3,512,512,1849688064,0.01444344695021467
14,3,3,512,512,1849688064,0.01379494841505842
14,3,3,512,512,1849688064,0.0143869417469676
14,3,3,512,512,1849688064,0.011109878377216623
14,3,3,512,512,1849688064,0.011580516652363107
14,3,3,512,512,1849688064,0.014260103062885568
14,3,3,512,512,1849688064,0.013077070073383615
14,3,3,512,512,1849688064,0.012405921773212716
14,3,3,512,512,1849688064,0.013918926076191232
14,3,3,512,512,1849688064,0.013908435658710763
14,3,3,512,512,1849688064,0.01440077002455549
14,3,3,512,512,1849688064,0.01375084097792463
14,3,3,512,512,1849688064,0.008922626332538888
14,3,3,512,512,1849688064,0.012774755315082834
14,3,3,512,512,1849688064,0.010958720998066232
14,3,3,512,512,1849688064,0.012459089116352365
14,3,3,512,512,1849688064,0.013778020695942222
14,3,3,512,512,1849688064,0.008933832005756662
14,3,3,512,512,1849688064,0.014244367436664865
14,3,3,512,512,1849688064,0.012446691350239084
14,3,3,512,512,1849688064,0.011597205952900216
14,3,3,512,512,1849688064,0.012759734944599435
14,3,3,512,512,1849688064,0.01416282828261213
14,3,3,512,512,1849688064,0.014134456471699045
14,3,3,512,512,1849688064,0.012380172566669748
14,3,3,512,512,1849688064,0.010422040776508615
14,3,3,512,512,1849688064,0.012309600667255685
14,3,3,512,512,1849688064,0.010413696126240074
14,3,3,512,512,1849688064,0.012534906224506662
14,3,3,512,512,1849688064,0.013123323277729318
14,3,3,512,512,1849688064,0.012137462453144357
14,3,3,512,512,1849688064,0.013115217046039865
14,3,3,512,512,1849688064,0.014148284749286935
14,3,3,512,512,1849688064,0.01093559439589338
14,3,3,512,512,1849688064,0.012353946522968562
14,3,3,512,512,1849688064,0.012556840733784005
14,3,3,512,512,1849688064,0.0136089819233592
14,3,3,512,512,1849688064,0.01363640005995588
14,3,3,512,512,1849688064,0.012249757603901193
14,3,3,512,512,1849688064,0.012363483266132638
14,3,3,512,512,1849688064,0.01094322379042463
14,3,3,512,512,1849688064,0.012546111897724435
14,3,3,512,512,1849688064,0.011727620915668771
14,3,3,512,512,1849688064,0.012618591145771324
14,3,3,512,512,1849688064,0.011478473500507638
14,3,3,512,512,1849688064,0.011478473500507638
14,3,3,512,512,1849688064,0.012079288319843562
14,3,3,512,512,1849688064,0.013714362935322091
14,3,3,512,512,1849688064,0.012661506490009591
14,3,3,512,512,1849688064,0.013720084981220529
14,3,3,512,512,1849688064,0.012172033147114084
14,3,3,512,512,1849688064,0.011783649281757638
14,3,3,512,512,1849688064,0.012656022862690255
14,3,3,512,512,1849688064,0.012166311101215646
14,3,3,512,512,1849688064,0.013043929890888498
14,3,3,512,512,1849688064,0.012088109807270334
14,3,3,512,512,1849688064,0.012594510869282052
14,3,3,512,512,1849688064,0.011772443608539865
14,3,3,512,512,1849688064,0.011704732732075021
14,3,3,512,512,1849688064,0.011666824177997873
14,3,3,512,512,1849688064,0.013649751500385568
14,3,3,512,512,1849688064,0.011712362126606271
14,3,3,512,512,1849688064,0.012056876973408029
14,3,3,512,512,1849688064,0.013665963963764474
14,3,3,512,512,1849688064,0.011681844548481271
14,3,3,512,512,1849688064,0.011961986378925607
14,3,3,512,512,1849688064,0.011966039494770334
14,3,3,512,512,1849688064,0.015274335698383615
14,3,3,512,512,1849688064,0.015270759419697091
14,3,3,512,512,1849688064,0.011876632527607248
14,3,3,512,512,1849688064,0.014087249593036935
14,3,3,512,512,1849688064,0.014091064290302574
14,3,3,512,512,1849688064,0.011799861745136545
14,3,3,512,512,1849688064,0.015057136372822091
14,3,3,512,512,1849688064,0.013659526662128732
14,3,3,512,512,1849688064,0.015053321675556466
14,3,3,512,512,1849688064,0.011806537465351388
14,3,3,512,512,1849688064,0.011629630879658029
14,3,3,512,512,1849688064,0.01420693571974592
14,3,3,512,512,1849688064,0.014210750417011545
14,3,3,512,512,1849688064,0.011633683995502755
14,3,3,512,512,1849688064,0.011674453572529123
14,3,3,512,512,1849688064,0.01204781706740217
14,3,3,512,512,1849688064,0.012845565633075998
14,3,3,512,512,1849688064,0.01284890349318342
14,3,3,512,512,1849688064,0.011870672063129722
14,3,3,512,512,1849688064,0.01203422720839338
14,3,3,512,512,1849688064,0.011745502309101388
14,3,3,512,512,1849688064,0.012231876210468562
14,3,3,512,512,1849688064,0.013377239064472482
14,3,3,512,512,1849688064,0.01185708220412092
14,3,3,512,512,1849688064,0.013373424367206857
14,3,3,512,512,1849688064,0.012289811925190255
14,3,3,512,512,1849688064,0.011757423238056466
14,3,3,512,512,1849688064,0.011382629231708824
14,3,3,512,512,1849688064,0.011379768208759591
14,3,3,512,512,1849688064,0.013032485799091623
14,3,3,512,512,1849688064,0.012038995579975412
14,3,3,512,512,1849688064,0.0133493440907176
14,3,3,512,512,1849688064,0.01359205420424299
14,3,3,512,512,1849688064,0.012284566716450021
14,3,3,512,512,1849688064,0.01574044402052717
14,3,3,512,512,1849688064,0.015742828206318185
14,3,3,512,512,1849688064,0.011473705128925607
14,3,3,512,512,1849688064,0.013595153645771324
14,3,3,512,512,1849688064,0.013036062077778146
14,3,3,512,512,1849688064,0.011751701192158029
14,3,3,512,512,1849688064,0.012115766362446115
14,3,3,512,512,1849688064,0.012222339467304513
14,3,3,512,512,1849688064,0.012271692113178537
14,3,3,512,512,1849688064,0.012606908635395334
14,3,3,512,512,1849688064,0.012603809193867013
14,3,3,512,512,1849688064,0.012225677327411935
14,3,3,512,512,1849688064,0.012274791554706857
14,3,3,512,512,1849688064,0.014535476521747873
14,3,3,512,512,1849688064,0.014533569173115074
14,3,3,512,512,1849688064,0.011824180440204904
14,3,3,512,512,1849688064,0.014911224202411935
14,3,3,512,512,1849688064,0.01182203467299299
14,3,3,512,512,1849688064,0.014909555272358224
14,3,3,512,512,1849688064,0.011847545460956857
14,3,3,512,512,1849688064,0.012724210576313302
14,3,3,512,512,1849688064,0.012725402669208824
14,3,3,512,512,1849688064,0.013342668370502755
14,3,3,512,512,1849688064,0.013344098881977365
14,3,3,512,512,1849688064,0.012109567479389474
14,3,3,512,512,1849688064,0.012110759572284982
14,3,3,512,512,1849688064,0.011843969182270334
14,3,3,512,512,1849688064,0.011844446019428537
16,3,3,512,512,462422016,0.01022577436664436
16,3,3,512,512,462422016,0.00447774084308479
16,3,3,512,512,462422016,0.009254933912542784
16,3,3,512,512,462422016,0.011745692808416822
16,3,3,512,512,462422016,0.005616189558294751
16,3,3,512,512,462422016,0.005583287794378736
16,3,3,512,512,462422016,0.009969951231268384
16,3,3,512,512,462422016,0.005757810194281093
16,3,3,512,512,462422016,0.004977466184881665
16,3,3,512,512,462422016,0.0116202846358094
16,3,3,512,512,462422016,0.004719258863714673
16,3,3,512,512,462422016,0.010003806669500806
16,3,3,512,512,462422016,0.005005361158636534
16,3,3,512,512,462422016,0.008612634260443189
16,3,3,512,512,462422016,0.007161141950872876
16,3,3,512,512,462422016,0.009193421919134595
16,3,3,512,512,462422016,0.004635335523870923
16,3,3,512,512,462422016,0.008569003660467603
16,3,3,512,512,462422016,0.008513452131536939
16,3,3,512,512,462422016,0.0069484725783142826
16,3,3,512,512,462422016,0.010115624983099439
16,3,3,512,512,462422016,0.01139402540424203
16,3,3,512,512,462422016,0.00712657125690315
16,3,3,512,512,462422016,0.004681350309637525
16,3,3,512,512,462422016,0.010089398939398267
16,3,3,512,512,462422016,0.009355546552923658
16,3,3,512,512,462422016,0.0060138717482361576
16,3,3,512,512,462422016,0.006734372694281093
16,3,3,512,512,462422016,0.006773234922674634
16,3,3,512,512,462422016,0.006078960020330884
16,3,3,512,512,462422016,0.009436608869818189
16,3,3,512,512,462422016,0.005195142347601392
16,3,3,512,512,462422016,0.009383679945257642
16,3,3,512,512,462422016,0.008332492429998867
16,3,3,512,512,462422016,0.008846522886541822
16,3,3,512,512,462422016,0.004557372648504712
16,3,3,512,512,462422016,0.004534007627752759
16,3,3,512,512,462422016,0.00913930090167854
16,3,3,512,512,462422016,0.009483577329901183
16,3,3,512,512,462422016,0.006115199644354322
16,3,3,512,512,462422016,0.006901504118231275
16,3,3,512,512,462422016,0.005397082884100415
16,3,3,512,512,462422016,0.007300378401068189
16,3,3,512,512,462422016,0.00845575483539436
16,3,3,512,512,462422016,0.006677390653875806
16,3,3,512,512,462422016,0.008762122709539868
16,3,3,512,512,462422016,0.011441470701483228
16,3,3,512,512,462422016,0.009108544904974439
16,3,3,512,512,462422016,0.009660245497015468
16,3,3,512,512,462422016,0.009647609312323058
16,3,3,512,512,462422016,0.005813600141790845
16,3,3,512,512,462422016,0.00836634786823126
16,3,3,512,512,462422016,0.01071643980243539
16,3,3,512,512,462422016,0.011425973493841626
16,3,3,512,512,462422016,0.010727883894232265
16,3,3,512,512,462422016,0.005156041700628736
16,3,3,512,512,462422016,0.0028870120833191654
16,3,3,512,512,462422016,0.0028955951521668216
16,3,3,512,512,462422016,0.010316135008123867
16,3,3,512,512,462422016,0.010305406172064283
16,3,3,512,512,462422016,0.008996249754217603
16,3,3,512,512,462422016,0.007051946241644361
16,3,3,512,512,462422016,0.007517816145208828
16,3,3,512,512,462422016,0.005169393141058423
16,3,3,512,512,462422016,0.008963109571722486
16,3,3,512,512,462422016,0.008810521681097486
16,3,3,512,512,462422016,0.009072782118109204
16,3,3,512,512,462422016,0.006418944914129712
16,3,3,512,512,462422016,0.008795501310614087
16,3,3,512,512,462422016,0.005963565428045728
16,3,3,512,512,462422016,0.006157161314276183
16,3,3,512,512,462422016,0.006477595884588683
16,3,3,512,512,462422016,0.008215428907659986
16,3,3,512,512,462422016,0.009528400022772304
16,3,3,512,512,462422016,0.006646157820013501
16,3,3,512,512,462422016,0.009518624861029126
16,3,3,512,512,462422016,0.007357837278631665
16,3,3,512,512,462422016,0.009023667890814283
16,3,3,512,512,462422016,0.007386209089544737
16,3,3,512,512,462422016,0.007536412794378736
16,3,3,512,512,462422016,0.006206990797308423
16,3,3,512,512,462422016,0.00842213781574104
16,3,3,512,512,462422016,0.008229018766668789
16,3,3,512,512,462422016,0.0064466014693054935
16,3,3,512,512,462422016,0.006595136244085767
16,3,3,512,512,462422016,0.0066297069380554935
16,3,3,512,512,462422016,0.006614686567572095
16,3,3,512,512,462422016,0.006457807142523267
16,3,3,512,512,462422016,0.0061757579634461185
16,3,3,512,512,462422016,0.011673928816107265
16,3,3,512,512,462422016,0.011667491514471495
16,3,3,512,512,462422016,0.007839681226995923
16,3,3,512,512,462422016,0.006188870985296704
16,3,3,512,512,462422016,0.007402183134344542
16,3,3,512,512,462422016,0.0068471446821961185
16,3,3,512,512,462422016,0.006520988065985195
16,3,3,512,512,462422016,0.007857085783270337
16,3,3,512,512,462422016,0.008400918562201001
16,3,3,512,512,462422016,0.007784129698065259
16,3,3,512,512,462422016,0.007418872434881665
16,3,3,512,512,462422016,0.006528617460516445
16,3,3,512,512,462422016,0.007777930815008632
16,3,3,512,512,462422016,0.0063228622267517826
16,3,3,512,512,462422016,0.011873485166815259
16,3,3,512,512,462422016,0.011868955213812343
16,3,3,512,512,462422016,0.005846263487127759
16,3,3,512,512,462422016,0.0058400646040711185
16,3,3,512,512,462422016,0.005942346174505689
16,3,3,512,512,462422016,0.008409501631048658
16,3,3,512,512,462422016,0.006330253202703945
16,3,3,512,512,462422016,0.007729770262030103
16,3,3,512,512,462422016,0.006559611875799634
16,3,3,512,512,462422016,0.007849456388739087
16,3,3,512,512,462422016,0.005424024183538892
16,3,3,512,512,462422016,0.005419494230535962
16,3,3,512,512,462422016,0.006232740003851392
16,3,3,512,512,462422016,0.0075604930708679935
16,3,3,512,512,462422016,0.006263257581976392
16,3,3,512,512,462422016,0.007606746275213697
16,3,3,512,512,462422016,0.006861449796942212
16,3,3,512,512,462422016,0.006371022779730284
16,3,3,512,512,462422016,0.007332803327826001
16,3,3,512,512,462422016,0.007337333280828945
16,3,3,512,512,462422016,0.00893330724933479
16,3,3,512,512,462422016,0.00893712194660043
16,3,3,512,512,462422016,0.005925418455389478
16,3,3,512,512,462422016,0.006856443006781093
16,3,3,512,512,462422016,0.0059316173384461185
16,3,3,512,512,462422016,0.007582427580145337
16,3,3,512,512,462422016,0.007710458357122862
16,3,3,512,512,462422016,0.007568837721136534
16,3,3,512,512,462422016,0.007673741895941222
16,3,3,512,512,462422016,0.00870847852924203
16,3,3,512,512,462422016,0.008711339552191222
16,3,3,512,512,462422016,0.008251906950262525
16,3,3,512,512,462422016,0.0075767055342469
16,3,3,512,512,462422016,0.008248807508734204
16,3,3,512,512,462422016,0.005897046644476392
16,3,3,512,512,462422016,0.00657272489765022
16,3,3,512,512,462422016,0.006568910200384595
16,3,3,512,512,462422016,0.006245376188543775
16,3,3,512,512,462422016,0.00624156149127815
16,3,3,512,512,462422016,0.007668019850042784
16,3,3,512,512,462422016,0.007719995100286939
16,3,3,512,512,462422016,0.006281138975409009
16,3,3,512,512,462422016,0.007716418821600429
16,3,3,512,512,462422016,0.006384374220159986
16,3,3,512,512,462422016,0.00638199003436897
16,3,3,512,512,462422016,0.009045840818670728
16,3,3,512,512,462422016,0.00904417188861703
16,3,3,512,512,462422016,0.006275416929510572
16,3,3,512,512,462422016,0.006277562696722486
16,3,3,512,512,462422016,0.0070302501509461185
16,3,3,512,512,462422016,0.007031442243841626
16,3,3,512,512,462422016,0.005903722364691236
16,3,3,512,512,462422016,0.005902291853216626
16,3,3,512,512,462422016,0.007660390455511534
16,3,3,512,512,462422016,0.00766158254840707
16,3,3,512,512,462422016,0.007637979109076001
16,3,3,512,512,462422016,0.007637025434759595
16,3,3,512,512,462422016,0.007435323316839659
16,3,3,512,512,462422016,0.00743484647968147
16,3,3,512,512,462422016,0.0063550487349304935
16,3,3,512,512,462422016,0.006355525572088683
16,3,3,512,512,462422016,0.007616759855535962
16,3,3,512,512,462422016,0.007616283018377759
